channel_id,video_id,comment_id,date,author,comment_text
UCAa7V7ZM0_hhszN_GYEl0Sg,sSRP6TGVVeA,UgyHBtzmDJxCN7ORbRh4AaABAg,2022-09-07T18:24:50Z,Smartl_,02:05 Kurz war ein Querdenker?? Waaas?
UCAa7V7ZM0_hhszN_GYEl0Sg,sSRP6TGVVeA,UgxPde9okGsLoCCeFjN4AaABAg,2022-02-11T16:58:32Z,Josef Hagmann,Wenn ich nur daran denke wie falsch und hinterfotzig der Mitterlehner abmontiert wurde  PfuiTeufel!
UCAa7V7ZM0_hhszN_GYEl0Sg,sSRP6TGVVeA,Ugy4bdV_y2PO_8LHoox4AaABAg,2022-01-25T13:36:20Z,Roland Gruber,"Nun hat das t√ºrkise B√ºscherl eine eigene Firma gegr√ºndet. Ausser menschenverachtende Chats schreiben, kann der Studienabbrecher und Rechtsextreme √ºberhaupt nichts üëé"
UCAa7V7ZM0_hhszN_GYEl0Sg,sSRP6TGVVeA,Ugz_KasDRAbV9H0xQKx4AaABAg,2022-01-04T16:19:58Z,Dita D2000,The criminals trying to escape to Silicon Valley... the Persil-Schein of 2022
UCAa7V7ZM0_hhszN_GYEl0Sg,sSRP6TGVVeA,UgxyOvQ7EX5LnnRgt8R4AaABAg,2021-12-27T00:21:44Z,Peter Siegfried Krug,"Gro√ües rhetorisches Talent, aber einseitig positiv gegen√ºber die Impfung. Es ist Dezember und durch Umsehen im Bekanntenkreis komme ich zum Ergebnis, dass ich viel mehr Geimpfte als Ungeimpfte sehe, die sich impfen lassen. Impfen lasse ich mich nicht, da ich mich nicht als gef√§hrdet sehe"
UCAa7V7ZM0_hhszN_GYEl0Sg,sSRP6TGVVeA,UgzNw0qr5RmMmXggXCx4AaABAg,2021-12-01T14:47:01Z,Gleison K√∂heler,Porque voc√™ n√£o mostra o rosto da crian√ßa est√° escancarado que n√£o e seu filho üòÇü§£!
UCAa7V7ZM0_hhszN_GYEl0Sg,sSRP6TGVVeA,Ugziq69O46Hydgac2nd4AaABAg,2021-11-22T19:16:47Z,Erwin M√ºller,Ach ja: Danke f√ºr den Gamechanger!    ( Ihr seit einfach nur hohle Quatschk√∂pfe!!)
UCAa7V7ZM0_hhszN_GYEl0Sg,sSRP6TGVVeA,UgwmJM4O8UwOpuxYtHl4AaABAg,2021-11-21T04:32:59Z,Madina Khaydarbek Xasan Raxim.......,"–°–µ–±–∞—Å—Ç—å—è–Ω –∫–∞–∫ –¢—ã –º–æ–∂–µ—à—å –æ—Ç–¥–∞–≤–∞—Ç—å –≤–ª–∞—Å—Ç—å –æ–ª–∏–≥–∞—Ä—Ö–∫–µ ???? ,  –í —á–µ–º —Ç—ã –≤–∏–Ω–æ–≤–∞—Ç??? –í—ã –∂–µ —Ä–∞—Å—Ö–ª–µ–±—ã–≤–∞–µ—Ç–µ –æ—à–∏–±–∫–∏ –ø—Ä–µ–∂–Ω–∏—Ö  –≥–ª–∞–≤ , –¥–∞–≤–∞–π –±—ã—Å—Ç—Ä–µ–µ –≤–æ—Å—Å—Ç–∞–Ω–∞–≤–ª–∏–≤–∞–π –ê–≤—Å—Ç—Ä–∏—é , –Ø –ø—Ä–∏–µ–¥—É  –∏ –Ω–∞–¥–æ –Ω–µ –æ—Å—Ç–∞–Ω–∞–≤–ª–∏–≤–∞—Ç—å—Å—è –≤ —Å–≤–æ–∏—Ö –Ω–∞—á–∏–Ω–∞–Ω–∏—è—Ö......."
UCAa7V7ZM0_hhszN_GYEl0Sg,sSRP6TGVVeA,Ugwj6TRFnyWkIlPq9yJ4AaABAg.9UykxI_PlXW9ogclSIlUlG,2023-04-19T14:13:48Z,Ringo Dingo,"Ein brillanter Kopf ist er dennoch bis heute. √ñsterreich wird ebenso wie Deutschland untergehen, wegen dieser Gr√ºnen."
UCAa7V7ZM0_hhszN_GYEl0Sg,sSRP6TGVVeA,Ugwj6TRFnyWkIlPq9yJ4AaABAg.9UykxI_PlXW9ofgc5LR2Ax,2023-04-19T05:28:14Z,Captain Jean Luc Picard,Dann tuts es Piefken mir sehr leid
UCAa7V7ZM0_hhszN_GYEl0Sg,sSRP6TGVVeA,Ugwj6TRFnyWkIlPq9yJ4AaABAg.9UykxI_PlXW9i3auNpubgl,2022-11-05T21:59:33Z,Astrid Haller,Bitte nicht!Ein Blender per exellance! Und Ein Wef J√ºngling!
UCAa7V7ZM0_hhszN_GYEl0Sg,sSRP6TGVVeA,Ugwj6TRFnyWkIlPq9yJ4AaABAg.9UykxI_PlXW9fsYfKVQ9M9,2022-09-12T12:37:36Z,Leo Mutombo,https://www.youtube.com/watch?v=pHjyK-g4VH0
UCAa7V7ZM0_hhszN_GYEl0Sg,sSRP6TGVVeA,Ugzb2ZnJT9h2Zip5pGx4AaABAg,2021-11-20T15:21:30Z,Pfarrald Cash,Wer ist dieser Stefan Kurz?
UCAa7V7ZM0_hhszN_GYEl0Sg,sSRP6TGVVeA,Ugx6BOBF0Z2cpkk92nF4AaABAg,2021-11-08T16:18:38Z,PopulousTV,Der lift muss nach unten fahren
UCAa7V7ZM0_hhszN_GYEl0Sg,sSRP6TGVVeA,UgwXTdddL_yMCY_x6CV4AaABAg,2021-11-07T20:22:19Z,Gleison K√∂lner,Tomei xaropeüß° n√£o estou mais solit√°ria üôÇüòÅüòÇü§£
UCAa7V7ZM0_hhszN_GYEl0Sg,sSRP6TGVVeA,UgwuMWttZwDKhAS6QGN4AaABAg,2021-11-07T20:20:45Z,Gleison K√∂lner,Eu quero o xaropinho üß°üò≠üôÇüòÅüòÇü§£!
UCAa7V7ZM0_hhszN_GYEl0Sg,sSRP6TGVVeA,UgxzePZbNj6oNjN8oc54AaABAg,2021-11-07T20:19:56Z,Gleison K√∂lner,Xarope üß°
UCAa7V7ZM0_hhszN_GYEl0Sg,sSRP6TGVVeA,Ugz8RoMvntdrW-4oC6t4AaABAg.9USGNwzJ51a9UgNFQ1Ow_P,2021-11-13T12:50:12Z,WINIX,ü§£üòÇü§£üòÇgeile Kom√∂die.
UCAa7V7ZM0_hhszN_GYEl0Sg,sSRP6TGVVeA,Ugwa3VEfiIPpd4Tl11p4AaABAg,2021-11-06T22:08:48Z,Thomas Boyd,We got Italy anyway. Thomas Pietro boselli hates martin It deep Thomas.
UCAa7V7ZM0_hhszN_GYEl0Sg,sSRP6TGVVeA,UgxIsdG29ndHL70xsgZ4AaABAg,2021-11-06T22:07:07Z,Thomas Boyd,Your need martin sellner Thomas.
UCAa7V7ZM0_hhszN_GYEl0Sg,sSRP6TGVVeA,UgybOtC5CuDiwifNOnB4AaABAg,2021-11-06T12:31:58Z,Pfarrald Cash,Hahaha üëâdu bist weg üòÇüòÇüòÇ
UCAa7V7ZM0_hhszN_GYEl0Sg,sSRP6TGVVeA,UgzWAz_btZmzRyXyhz54AaABAg,2021-11-03T14:08:55Z,Mango Jerry,Er redete zu viel BS.
UCAa7V7ZM0_hhszN_GYEl0Sg,sSRP6TGVVeA,UgzaPa9rQ5d2ZPfjrwN4AaABAg.9U9PpruT1of9fsYgm0CWL4,2022-09-12T12:37:48Z,Leo Mutombo,https://www.youtube.com/watch?v=pHjyK-g4VH0
UCAa7V7ZM0_hhszN_GYEl0Sg,sSRP6TGVVeA,UgwIFoOASWCOt7XpwnJ4AaABAg,2021-10-31T02:19:10Z,thomas tirol/florida,da kloane Beidl !
UCAa7V7ZM0_hhszN_GYEl0Sg,sSRP6TGVVeA,UgyRGncEO2C1JKUsOzd4AaABAg,2021-10-27T00:09:08Z,hen ps4 hen ps3,üòÅ
UCAa7V7ZM0_hhszN_GYEl0Sg,sSRP6TGVVeA,Ugy-kQabt94LrPypM3x4AaABAg.9Tlq4NpqntR9fsYqnKzQx6,2022-09-12T12:39:10Z,Leo Mutombo,https://www.youtube.com/watch?v=pHjyK-g4VH0
UCAa7V7ZM0_hhszN_GYEl0Sg,sSRP6TGVVeA,UgxtvuzqP9QMLHqbZmp4AaABAg,2021-10-21T09:23:53Z,David Ritter,"Der schrecklichste Politiker √ºberhaupt, er sollte R√ºckgrat  zeigen und endlich komplett Zur√ºcktreten und nicht nur zur Seite, in Lauerstellung.
Es gibt kein Zur√ºckkommen!!!!!!!!"
UCAa7V7ZM0_hhszN_GYEl0Sg,sSRP6TGVVeA,UgxQ8kwBeUaQrChvSPp4AaABAg,2021-10-20T22:28:35Z,Der Aufkl√§rer,Leider den Respekt verloren
UCAa7V7ZM0_hhszN_GYEl0Sg,sSRP6TGVVeA,Ugyu59k5mdkcjWRplz14AaABAg.9ThBmmRC_wj9fsYTaA6ars,2022-09-12T12:35:52Z,Leo Mutombo,https://www.youtube.com/watch?v=pHjyK-g4VH0
UCAa7V7ZM0_hhszN_GYEl0Sg,sSRP6TGVVeA,Ugy8x6Uk7LG3lkWT4154AaABAg,2021-10-16T19:52:41Z,Janis Ghale,Weg aus der Politik wir brauchen keinen machts√ºchtigen da oben.
UCAa7V7ZM0_hhszN_GYEl0Sg,sSRP6TGVVeA,UgwdiKHJ_uRUx5-6rp94AaABAg,2021-10-16T13:09:53Z,David Avid,Netflix House of Cards Austria
UCAa7V7ZM0_hhszN_GYEl0Sg,sSRP6TGVVeA,UgyENDdVPnbi13nD8Nl4AaABAg,2021-10-15T18:08:29Z,Oliver Tavernaro,heisse luft .. die haush√§lterin und das kinderm√§dchen ist ja locker drin bei dem zahltag ... das kind tut mir jetzt schon leid
UCAa7V7ZM0_hhszN_GYEl0Sg,sSRP6TGVVeA,UgxCQ0WTFgSaA8RemXx4AaABAg,2021-10-14T14:12:37Z,Frank,"MICHAEL FLYNN hat dem US-Journalisten TUCKER CARLSON ein einst√ºndiges 
Interview gegeben. Darin erz√§hlt er √ºber den Tiefen Staat und vieles 
mehr    KANN BASTI etwas dar√ºber bringen wegen der vielfalt"
UCAa7V7ZM0_hhszN_GYEl0Sg,sSRP6TGVVeA,UgwcV5fa3glwuOst89N4AaABAg.9TScwcUMTh69UgRBmWStAe,2021-11-13T13:24:39Z,WINIX,Auf das k√∂nnen nur schwule hoffen.
UCAa7V7ZM0_hhszN_GYEl0Sg,sSRP6TGVVeA,UgwcV5fa3glwuOst89N4AaABAg.9TScwcUMTh69UHkZyb3wep,2021-11-03T14:02:28Z,Mango Jerry,NEIN!
UCAa7V7ZM0_hhszN_GYEl0Sg,sSRP6TGVVeA,Ugzb2hzNk_YkMhDU73N4AaABAg,2021-10-13T10:57:52Z,linksgr√ºnvers√ºfft,Muss der fesche Basti nu ins Knasti?
UCAa7V7ZM0_hhszN_GYEl0Sg,sSRP6TGVVeA,Ugyrl7I_GenEW1wgEIF4AaABAg,2021-10-12T13:07:05Z,Maman PD,"Hahaha 
Corrupt Cancellor"
UCAa7V7ZM0_hhszN_GYEl0Sg,sSRP6TGVVeA,UgzEHu9JsLDXy9ThOdt4AaABAg,2021-10-10T15:26:11Z,Noname,"Der redet bez√ºglich der Impfung einen scheiss, das ist unglaublich!"
UCAa7V7ZM0_hhszN_GYEl0Sg,sSRP6TGVVeA,Ugwl8KL-jrrgczxfK6x4AaABAg,2021-10-10T11:21:00Z,Erwin M√ºller,Das ist doch kein R√ºcktritt!!!
UCAa7V7ZM0_hhszN_GYEl0Sg,sSRP6TGVVeA,UgxO9ZF-OERapKoPkaV4AaABAg,2021-10-10T07:54:41Z,Bert H.,"Endlich ist dieses korrupte, verlogene AXXXXloXX weg vom Fenster. Hoffentlich f√ºr immer. In k√ºrze folgen seine deutschen Mitverschw√∂rer."
UCAa7V7ZM0_hhszN_GYEl0Sg,sSRP6TGVVeA,UgzM7iTMuC62SCnIpm14AaABAg,2021-10-09T21:34:49Z,Querruhe,Kurtz versteckt sich hinter der Immunit√§t eines Abgeordneten   - grindig -    Keine gute Optik f√ºr die √ñVP.  Diese Partei fangt in ihrem Kadavergehorsam zu stinken an.
UCAa7V7ZM0_hhszN_GYEl0Sg,sSRP6TGVVeA,Ugw0SnaceqPOVpn6T8d4AaABAg,2021-10-09T07:03:33Z,Yusuf Erdal,Viyana Turkish Empire 2023
UCAa7V7ZM0_hhszN_GYEl0Sg,sSRP6TGVVeA,Ugx3NvzudJ5Dmi0FgJt4AaABAg,2021-10-08T21:08:18Z,Querruhe,"Siehe zu, der du meinst zu stehen, dass du nicht f√§llst. Bezogen auf Kurtz, hat der Fall bereits begonnen. Kein guter Griff f√ºr die √ñVP. Diese versucht momentan nicht einmal kreativ und Sach bezogen zu agieren, sondern verharrt in ihrem Kadavergehorsam. Der Fisch beginnt beim Kopf zu stinken. Ver√§nderungsbereitschaft, Innovation, Kritikf√§higkeit und reflektiertes  Vorgehen sehen anders aus. Der t√ºrkise Kurs ist zur Sackgasse geworden."
UCAa7V7ZM0_hhszN_GYEl0Sg,sSRP6TGVVeA,UgzzppkPjJY_tQ7UCi54AaABAg,2021-10-08T14:37:12Z,rolf fds,HahahahahaH
UCAa7V7ZM0_hhszN_GYEl0Sg,sSRP6TGVVeA,Ugx5fHKCXiccoDYUbUV4AaABAg,2021-10-08T13:45:07Z,Querruhe,"Eine Partei, die keine Sensibilit√§t f√ºr Korruption und Bevorteilung hat darf in diesem Land nicht regieren. Die T√ºrkise Variante hat nicht gehalten, was sie versprochen hat. Die Demontage alter Werte wurde durch Opportunismus und Machtmissbrauch ersetzt. Kurz hat ausgedient."
UCAa7V7ZM0_hhszN_GYEl0Sg,sSRP6TGVVeA,UgwVW_kUsJGNVrn_GaV4AaABAg,2021-10-08T03:04:19Z,David .W .99,Und jetzt wird ihm ja wieder nur falsches Vorgeworfen... jaja basti boid is vorbei
UCAa7V7ZM0_hhszN_GYEl0Sg,sSRP6TGVVeA,UgwZDUhuKeNTHCXZPVd4AaABAg,2021-10-07T20:53:04Z,MAnfred Guggerel,Viel Spa√ü Basti die Medien zerrei√üen dich jetzt
UCAa7V7ZM0_hhszN_GYEl0Sg,sSRP6TGVVeA,UgxGztcmoOXbFiTe6M54AaABAg,2021-10-07T20:43:49Z,r3m0vR,Ist noch wer da?
UCAa7V7ZM0_hhszN_GYEl0Sg,sSRP6TGVVeA,Ugyy_sYLi9O2Q8aOvmN4AaABAg,2021-10-06T01:41:39Z,rockafellazTV,S
UCAa7V7ZM0_hhszN_GYEl0Sg,sSRP6TGVVeA,UgzZZHLsVTvr9slRg4h4AaABAg.9T1Nt0W6NmU9fsYU8gkpvc,2022-09-12T12:35:57Z,Leo Mutombo,https://www.youtube.com/watch?v=pHjyK-g4VH0
UCAa7V7ZM0_hhszN_GYEl0Sg,sSRP6TGVVeA,UgwZoX-1b7cuxq9hyCl4AaABAg,2021-10-02T16:05:34Z,Joker Niki,"Es z√§hlt nur eines....""Kurz muss weg""."
UCAa7V7ZM0_hhszN_GYEl0Sg,sSRP6TGVVeA,UgwQo1JGdY8b-NkVZ5x4AaABAg.9St0OqqXRVu9i3b7GYKxug,2022-11-05T22:01:27Z,Astrid Haller,"Besser vielleicht nicht!
Aber ehrlicher! Kurz ist ein Blender!"
UCAa7V7ZM0_hhszN_GYEl0Sg,sSRP6TGVVeA,UgwQo1JGdY8b-NkVZ5x4AaABAg.9St0OqqXRVu9fsYfm6RuT8,2022-09-12T12:37:40Z,Leo Mutombo,https://www.youtube.com/watch?v=pHjyK-g4VH0
UCAa7V7ZM0_hhszN_GYEl0Sg,sSRP6TGVVeA,UgwQo1JGdY8b-NkVZ5x4AaABAg.9St0OqqXRVu9YJZfUbny2B,2022-02-11T17:02:33Z,Josef Hagmann,@Der wilde Unterhosenb√§r mit ohne Unterhose Du solltest nicht zu viel Kartoffelkraut fressen das ist n√§mlich giftig und sch√§digt massiv das Hirn!
UCAa7V7ZM0_hhszN_GYEl0Sg,sSRP6TGVVeA,UgwQo1JGdY8b-NkVZ5x4AaABAg.9St0OqqXRVu9UHvik2xXU0,2021-11-03T15:39:55Z,Der wilde Unterhosenb√§r mit ohne Unterhose,"@Mango Jerry 

Ich trage keine."
UCAa7V7ZM0_hhszN_GYEl0Sg,sSRP6TGVVeA,UgwQo1JGdY8b-NkVZ5x4AaABAg.9St0OqqXRVu9UHkSvh7ioe,2021-11-03T14:01:30Z,Mango Jerry,Sie k√∂nnten Unterhosen waschen.
UCAa7V7ZM0_hhszN_GYEl0Sg,sSRP6TGVVeA,UgyUDH6Gv-8ObcEgjDd4AaABAg.9Skdpe8V-jM9St1-uyzMhS,2021-09-29T17:43:11Z,Der wilde Unterhosenb√§r mit ohne Unterhose,"Es is gut, mein lieber Kickl.
Es ist gut."
UCAa7V7ZM0_hhszN_GYEl0Sg,sSRP6TGVVeA,UgyPt6ZxCyoJvGx8jh94AaABAg,2021-09-25T06:11:23Z,Wurli Wurlikovsky,Wirklich ?
UCAa7V7ZM0_hhszN_GYEl0Sg,sSRP6TGVVeA,UgyYZGpnP-d3NiYXW3B4AaABAg.9ShUcI_v2KJ9UgRRZtEoYW,2021-11-13T13:26:49Z,WINIX,F√ºr den ist Loch Loch.
UCAa7V7ZM0_hhszN_GYEl0Sg,sSRP6TGVVeA,UgyYZGpnP-d3NiYXW3B4AaABAg.9ShUcI_v2KJ9UHivDA2ILu,2021-11-03T13:48:01Z,Mango Jerry,Er ist dazwischen.
UCAa7V7ZM0_hhszN_GYEl0Sg,sSRP6TGVVeA,Ugwckr4xximaAB0t2lt4AaABAg.9SgFUHJda7b9UHjw5bL1b-,2021-11-03T13:56:53Z,Mango Jerry,@Der wilde Unterhosenb√§r mit ohne Unterhose ist es doch auch! Kurz tr√§gt gern kurze Jacken.
UCAa7V7ZM0_hhszN_GYEl0Sg,sSRP6TGVVeA,Ugwckr4xximaAB0t2lt4AaABAg.9SgFUHJda7b9St2EsCj9FI,2021-09-29T17:53:58Z,Norbert Vogel,@Der wilde Unterhosenb√§r mit ohne Unterhose  is wichtig sowas muss die √∂ffentlichkeit wissen . nit das i ihn anbrat und er is goa nit ...
UCAa7V7ZM0_hhszN_GYEl0Sg,sSRP6TGVVeA,Ugwckr4xximaAB0t2lt4AaABAg.9SgFUHJda7b9St12wzlIWj,2021-09-29T17:43:36Z,Der wilde Unterhosenb√§r mit ohne Unterhose,"Und selbst wenn, was ginge es dich an?"
UCAa7V7ZM0_hhszN_GYEl0Sg,sSRP6TGVVeA,Ugx5lG1W68ujw4q3veB4AaABAg,2021-09-24T14:29:44Z,Roland Gruber,Was f√ºr ein ü§° Zum Fremdsch√§men üëé
UCAa7V7ZM0_hhszN_GYEl0Sg,sSRP6TGVVeA,UgzjeFhz0yzgg_Htszx4AaABAg,2021-09-22T00:53:10Z,Martin Benes,https://m.youtube.com/watch?v=R56aSpad8to
UCAa7V7ZM0_hhszN_GYEl0Sg,sSRP6TGVVeA,Ugx_dgyjZUCP5-hGNIp4AaABAg,2021-09-21T14:29:44Z,101TheMatrix,Herr Kurz hat seine Seele verkauft. Wurde ein Herzloser Mensch. Spaltet die Gesellschaft. Einfach nur ekelhaft was aus diesem Menschen geworden ist!!!!!!
UCAa7V7ZM0_hhszN_GYEl0Sg,sSRP6TGVVeA,UgxRc_Op9gLxOCJxXEh4AaABAg.9SYe4Csj6q09St3jFEnJMa,2021-09-29T18:06:59Z,AuT FeelDx,"@Der wilde Unterhosenb√§r mit ohne Unterhose Ignoranz und Fakten schlechtreden, ist eine gute Strategie die Tatsachen in die Ecken zu dr√§ngen. Erz√§hls ihr selber"
UCAa7V7ZM0_hhszN_GYEl0Sg,sSRP6TGVVeA,UgxRc_Op9gLxOCJxXEh4AaABAg.9SYe4Csj6q09St0_ZNren7,2021-09-29T17:39:27Z,Der wilde Unterhosenb√§r mit ohne Unterhose,"Jaja.
Erz√§hl‚Äòs da Urstrumpftant‚Äò."
UCAa7V7ZM0_hhszN_GYEl0Sg,sSRP6TGVVeA,Ugxqp_EgJ6PmSF-mKJp4AaABAg,2021-09-21T09:59:37Z,Stefan Wolf,Kurz muss weg
UCAa7V7ZM0_hhszN_GYEl0Sg,sSRP6TGVVeA,Ugw_3fuj5CQJ7hZixKR4AaABAg.9SUJMH9gcTq9fsYXL2VTZd,2022-09-12T12:36:23Z,Leo Mutombo,https://www.youtube.com/watch?v=pHjyK-g4VH0
UCAa7V7ZM0_hhszN_GYEl0Sg,sSRP6TGVVeA,Ugw_3fuj5CQJ7hZixKR4AaABAg.9SUJMH9gcTq9UgYKuJYAfk,2021-11-13T14:27:04Z,Der wilde Unterhosenb√§r mit ohne Unterhose,"@WINIX 

Auf die Weise kummst hoid √ºberall hin, Lichti."
UCAa7V7ZM0_hhszN_GYEl0Sg,sSRP6TGVVeA,Ugw_3fuj5CQJ7hZixKR4AaABAg.9SUJMH9gcTq9UgR_EQVtnE,2021-11-13T13:27:59Z,WINIX,@Der wilde Unterhosenb√§r mit ohne Unterhose Ach die warmen Br√ºder sind √ºberall.
UCAa7V7ZM0_hhszN_GYEl0Sg,sSRP6TGVVeA,Ugw_3fuj5CQJ7hZixKR4AaABAg.9SUJMH9gcTq9St1FiyByt5,2021-09-29T17:45:20Z,Der wilde Unterhosenb√§r mit ohne Unterhose,"Kickl is ein Blender une Demagoge. 
Was hat der zu verlieren?

Der erinnert mich immer an die Szene in ‚ÄûDer Untergang‚Äú:

‚ÄûWarum sollte der F√ºhrer und bel√ºgen?‚Äú

- ‚ÄûWas hat er denn noch zu verlieren?‚Äú"
UCAa7V7ZM0_hhszN_GYEl0Sg,sSRP6TGVVeA,UgytDwvCsNoqIvWu_Md4AaABAg.9STU-vyYCVI9UHilMVovpj,2021-11-03T13:46:41Z,Mango Jerry,@Der wilde Unterhosenb√§r mit ohne Unterhose sollte den Kurzkurs belegen.
UCAa7V7ZM0_hhszN_GYEl0Sg,sSRP6TGVVeA,UgytDwvCsNoqIvWu_Md4AaABAg.9STU-vyYCVI9St1MKEex3L,2021-09-29T17:46:14Z,Der wilde Unterhosenb√§r mit ohne Unterhose,Du solltest einen Deutschkurs besuchen.
UCAa7V7ZM0_hhszN_GYEl0Sg,sSRP6TGVVeA,UgwFdEAaGx2IwTzwFnx4AaABAg,2021-09-19T02:39:51Z,Ben Schmidt,# rendir√ºcktrittsbegehren
UCAa7V7ZM0_hhszN_GYEl0Sg,sSRP6TGVVeA,Ugw_O-qCcueUpgdBtqV4AaABAg,2021-09-17T12:25:04Z,Rafika Hamdi,üëéüëéüëé
UCAa7V7ZM0_hhszN_GYEl0Sg,sSRP6TGVVeA,UgxG0Ln1UojD-DM75X14AaABAg,2021-09-16T12:54:25Z,Vlad,"Sebastian Kurz ist als ausf√ºhrende Marionette Gift f√ºr unsere Gesellschaft, er und seine Partie f√ºhren Krieg gegen uns, sie vernichten die Wirtschaft, sie vernichten Existenzen, sie nehmen kranke Menschen in Kauf, sie nehmen kranke Kinder in Kauf, Selbstmorde ebenso. Sie bitten die Ausl√§nder herein und versorgen sie, w√§hrend das AMS den Impfverweigerer das Geld streichen will. Man bekommt keinen Job ohne Impfung, dann sperrt das AMS das Geld, man darf nirgends mehr hin ohne Impfung etc., aber nein es gibt eine Impfpflicht, na gut, dann ist es eben ein Impfzwang. JEDER muss doch langsam erkennen, dass Krieg gegen uns √ñsterreicher gef√ºhrt wird, Krieg wird nicht immer nur mit Waffengewalt gef√ºhrt"
UCAa7V7ZM0_hhszN_GYEl0Sg,sSRP6TGVVeA,Ugzo3MehXaDvG6gwgHF4AaABAg.9SJ0j3jvWKT9fsYhsdbDQU,2022-09-12T12:37:57Z,Leo Mutombo,https://www.youtube.com/watch?v=pHjyK-g4VH0
UCAa7V7ZM0_hhszN_GYEl0Sg,sSRP6TGVVeA,UgxCbJ0VdqweBhkgmsB4AaABAg.9SHirpAxoax9UgSKY7Mvny,2021-11-13T13:34:35Z,WINIX,@Der wilde Unterhosenb√§r mit ohne Unterhose du gibst die Hoffnung nicht auf das du Beidl Fotos bekommst. Was sagen deine Eltern dazu?
UCAa7V7ZM0_hhszN_GYEl0Sg,sSRP6TGVVeA,UgxCbJ0VdqweBhkgmsB4AaABAg.9SHirpAxoax9St1Tn7-FrW,2021-09-29T17:47:16Z,Der wilde Unterhosenb√§r mit ohne Unterhose,Und deshalb is dei heiliger Herbert dort auch nicht vertreten.
UCAa7V7ZM0_hhszN_GYEl0Sg,sSRP6TGVVeA,Ugw1XsDEc2GC3H82hHF4AaABAg.9SGcZ0NK1QS9UgYC0JUCms,2021-11-13T14:25:51Z,Der wilde Unterhosenb√§r mit ohne Unterhose,"@WINIX 

H√§ttest gern, du Popo-Pirat."
UCAa7V7ZM0_hhszN_GYEl0Sg,sSRP6TGVVeA,Ugw1XsDEc2GC3H82hHF4AaABAg.9SGcZ0NK1QS9UgSQYLzZoR,2021-11-13T13:35:24Z,WINIX,@Der wilde Unterhosenb√§r mit ohne Unterhose gib es endlich zu das du ein warmer bist.
UCAa7V7ZM0_hhszN_GYEl0Sg,sSRP6TGVVeA,Ugw1XsDEc2GC3H82hHF4AaABAg.9SGcZ0NK1QS9St1XRwlR8G,2021-09-29T17:47:46Z,Der wilde Unterhosenb√§r mit ohne Unterhose,"GsD hast du keine Kinder. 
Die Republik dankt."
UCAa7V7ZM0_hhszN_GYEl0Sg,sSRP6TGVVeA,UgxTZwXQnLc4Sy2ND3V4AaABAg.9SFHTdFUd-G9fsYnUh0NAv,2022-09-12T12:38:43Z,Leo Mutombo,https://www.youtube.com/watch?v=pHjyK-g4VH0
UCAa7V7ZM0_hhszN_GYEl0Sg,sSRP6TGVVeA,UgxbT1zlZ2FxXsnUWbZ4AaABAg.9SFCrDOARp89UgSZMFxfrR,2021-11-13T13:36:37Z,WINIX,@Der wilde Unterhosenb√§r mit ohne Unterhose deine Mutter hat gesagt so einen warmen wollte ich nie.
UCAa7V7ZM0_hhszN_GYEl0Sg,sSRP6TGVVeA,UgxbT1zlZ2FxXsnUWbZ4AaABAg.9SFCrDOARp89St1ae1NqQC,2021-09-29T17:48:20Z,Der wilde Unterhosenb√§r mit ohne Unterhose,Nimm dein‚Äò Aluhut und putz di.
UCAa7V7ZM0_hhszN_GYEl0Sg,sSRP6TGVVeA,UgzRAFX2EHWuN49OIIF4AaABAg,2021-09-13T10:32:34Z,Claudi Maus,Weltfremd
UCAa7V7ZM0_hhszN_GYEl0Sg,sSRP6TGVVeA,UgyIlSK95sLdAN_NMjJ4AaABAg.9SE0gty7CBp9SNbikblIW3,2021-09-17T03:37:49Z,all2jesus,Amen ! Das Christentum muss in √ñsterreich wieder an die Macht.
UCAa7V7ZM0_hhszN_GYEl0Sg,sSRP6TGVVeA,UgxPnh6GaTaPfgELbDJ4AaABAg.9SCRKA2RwR89UgSgePdjJB,2021-11-13T13:37:45Z,WINIX,@Der wilde Unterhosenb√§r mit ohne Unterhose du hast im Schwulen Swingerclub noch eine Rechnung offen.
UCAa7V7ZM0_hhszN_GYEl0Sg,sSRP6TGVVeA,UgxPnh6GaTaPfgELbDJ4AaABAg.9SCRKA2RwR89SvpkydrVJD,2021-09-30T19:53:52Z,Bernd King,"Ah doch er liest das schon. Und was ihm nicht gef√§llt, is genau so rechts wie sein Diskussions""partner"" - und wird sofort blockiert. Selbst wenns nur gut gemeinte freundliche Kritik ist..."
UCAa7V7ZM0_hhszN_GYEl0Sg,sSRP6TGVVeA,UgxPnh6GaTaPfgELbDJ4AaABAg.9SCRKA2RwR89St1gS9nzAh,2021-09-29T17:49:07Z,Der wilde Unterhosenb√§r mit ohne Unterhose,"Den Mist braucht ma auch ned zu lesen.
Ich lass es auch gut sein."
UCAa7V7ZM0_hhszN_GYEl0Sg,sSRP6TGVVeA,UgylK026HCtPATS1FmR4AaABAg.9SCJZIzAh639fsYmEgMH4v,2022-09-12T12:38:33Z,Leo Mutombo,https://www.youtube.com/watch?v=pHjyK-g4VH0
UCAa7V7ZM0_hhszN_GYEl0Sg,sSRP6TGVVeA,UgylK026HCtPATS1FmR4AaABAg.9SCJZIzAh639UgU55VqABH,2021-11-13T13:49:57Z,WINIX,Fragen √ºber Fragen ist das sein Kind?
UCAa7V7ZM0_hhszN_GYEl0Sg,sSRP6TGVVeA,UgylK026HCtPATS1FmR4AaABAg.9SCJZIzAh639TnjVtcfTl4,2021-10-22T12:56:43Z,Bernd King,"B√∂se Zungen w√ºrden behaupten, weil er dann so viel Geld (und Macht) hat, dass sein Kind davon ausgenommen wird..."
UCAa7V7ZM0_hhszN_GYEl0Sg,sSRP6TGVVeA,Ugz-v3lw3QNCUn6HIUR4AaABAg,2021-09-12T18:08:26Z,Werner from Austria,"Bravo Kurz. Sachlich kompetent und nachvollziehbar.
Die alternde unfreundliche Dame macht keine gute Figur."
UCAa7V7ZM0_hhszN_GYEl0Sg,sSRP6TGVVeA,UgwJBBWIeRa0pMiK-EF4AaABAg,2021-09-12T17:11:53Z,hubsda 78,Nein danke ü§£
UCAa7V7ZM0_hhszN_GYEl0Sg,sSRP6TGVVeA,Ugzyj0AFnjCKbnORW8p4AaABAg.9SBx5p8hYir9fsYXrAjHjt,2022-09-12T12:36:27Z,Leo Mutombo,https://www.youtube.com/watch?v=pHjyK-g4VH0
UCAa7V7ZM0_hhszN_GYEl0Sg,sSRP6TGVVeA,Ugzyj0AFnjCKbnORW8p4AaABAg.9SBx5p8hYir9TnljQy-jez,2021-10-22T13:16:10Z,Bernd King,@Alex Cio Die √Ñra k√∂nnt echt ned zu kurz sein hehehe
UCAa7V7ZM0_hhszN_GYEl0Sg,sSRP6TGVVeA,Ugzyj0AFnjCKbnORW8p4AaABAg.9SBx5p8hYir9TnkN5hTqXX,2021-10-22T13:04:15Z,Alex Cio,@Bernd King Hoffentlich geht die √Ñra Kurz nicht zu lang hrhrhrhr
UCAa7V7ZM0_hhszN_GYEl0Sg,sSRP6TGVVeA,Ugzyj0AFnjCKbnORW8p4AaABAg.9SBx5p8hYir9TnjL6-QX8Q,2021-10-22T12:55:14Z,Bernd King,@Alex Cio Kurz und b√ºndig haha
UCAa7V7ZM0_hhszN_GYEl0Sg,sSRP6TGVVeA,Ugzyj0AFnjCKbnORW8p4AaABAg.9SBx5p8hYir9TlqETPn9C7,2021-10-21T19:17:01Z,Alex Cio,Das war aber kurz
UCAa7V7ZM0_hhszN_GYEl0Sg,sSRP6TGVVeA,UgxliCxRBvQ7Uuek_7R4AaABAg.9SBwiCRsRyM9i3amiRTG-T,2022-11-05T21:58:30Z,Astrid Haller,Ein ausgezeichneter Blender!
UCAa7V7ZM0_hhszN_GYEl0Sg,sSRP6TGVVeA,UgxliCxRBvQ7Uuek_7R4AaABAg.9SBwiCRsRyM9fsYhJTtxd2,2022-09-12T12:37:53Z,Leo Mutombo,https://www.youtube.com/watch?v=pHjyK-g4VH0
UCAa7V7ZM0_hhszN_GYEl0Sg,sSRP6TGVVeA,UgxliCxRBvQ7Uuek_7R4AaABAg.9SBwiCRsRyM9UgUHSp7KfG,2021-11-13T13:51:39Z,WINIX,Aus welcher Anstalt bist du?Ich glaubte solche kranke haben kein Internet?
UCAa7V7ZM0_hhszN_GYEl0Sg,sSRP6TGVVeA,UgxliCxRBvQ7Uuek_7R4AaABAg.9SBwiCRsRyM9SBxXfUlHVB,2021-09-12T14:57:31Z,Bernd King,"Stimmt, ausgezeichnet selber ""aufblattlt""  =D"
UCAa7V7ZM0_hhszN_GYEl0Sg,sSRP6TGVVeA,Ugx5apU_aSrm5_6smgx4AaABAg,2021-09-12T12:43:47Z,Moni Stern,Ein Verbrecher und Massenm√∂rder!!!! #kurzmussweg
UCAa7V7ZM0_hhszN_GYEl0Sg,sSRP6TGVVeA,UgyVBTa_HFSNtd7oB5l4AaABAg,2021-09-12T11:28:23Z,65hedonism,"NUR die *GenGiftSpritze* ist ""gesund"" und wirksam - ALLE Versuchstiere die man mittels MRNA Br√ºhe ""geimpft"" hatte, sind innerhalb von zwei Jahren elendig VERRECKT - ALLE ausnahmslos.  Viel Spa√ü w√ºnsch ich euch Impflingen und ein kurzes Leiden. HEIL KURZ"
UCAa7V7ZM0_hhszN_GYEl0Sg,sSRP6TGVVeA,Ugx43llnv_dlR7xdKml4AaABAg,2021-09-12T00:48:46Z,Adolf Hitler,Alle Geheimgesellschaften sind geheime Religionen. Er geh√∂rt zur Bilderberg-Konferenz. Klingelt's?
UCAa7V7ZM0_hhszN_GYEl0Sg,sSRP6TGVVeA,UgxdPgfnKOFsa0Ro7F54AaABAg,2021-09-11T12:56:25Z,Dan Miller,"Ich erinnere mich noch dunkel, welchen moralischen Kompass der Kurz bei der FP√ñ damals angewandt hatte. Entgegen dem Versprechen, dass wenn HC zur√ºcktritt, die Koalition weiter Bestand haben w√ºrde.
Wie Kurz sein Wort innert Tagesfrist gebrochen hatte und Kickl, der sich rein gar nichts zu Schulden kommen liess des Amtes enthoben wurde und die Koalition, respektive die ganze Reriegrung gesprengt wurde von Kurz, daran erinnere ich mich noch genau.
Kurz, der rhetorisch talentierte (f√ºr mich) L√ºgner und Betr√ºger, h√§lt doch dreister weise auch bei einer Anklage an seinem Amt fest.

F√ºr Kurz, den ich einst bewundert hatte, habe ich nur noch tiefste Verachtung √ºbrig. Er hat keinerlei Moral und R√ºckgrat.

Bin ja mal gespannt im Falle einer Verurteilung, wie er dann aus seinem Amt gejagt wird."
UCAa7V7ZM0_hhszN_GYEl0Sg,sSRP6TGVVeA,Ugz95cWFKSXWohuXHep4AaABAg.9S7_IBnzbET9Tlq66ts1Mg,2021-10-21T19:15:53Z,Alex Cio,leider ja ^^
UCAa7V7ZM0_hhszN_GYEl0Sg,sSRP6TGVVeA,UgxfDROePKywGx-JH9x4AaABAg.9S4fPqZwRKg9fsYerNTCQI,2022-09-12T12:37:33Z,Leo Mutombo,https://www.youtube.com/watch?v=pHjyK-g4VH0
UCAa7V7ZM0_hhszN_GYEl0Sg,sSRP6TGVVeA,UgwxHb_--O76e7oabVx4AaABAg.9S4QHGP-gL79SG7ygvy1pg,2021-09-14T05:54:25Z,Armin Fetz,"Bitte nehmt euch den Kurz aber ihr m√ºsst ihn behalten, keine R√ºcknahme"
UCAa7V7ZM0_hhszN_GYEl0Sg,sSRP6TGVVeA,UgwxHb_--O76e7oabVx4AaABAg.9S4QHGP-gL79SG1UqoEAv4,2021-09-14T04:57:47Z,RML,"@Amy ge hoam Da wir Pakistaner, Bangladeschi, Syrer, Algerier, Marokaner, Tunesier, Nigerianer, Albaner etc. geholt haben( ca. 2,5 Millionen) ein paar Polen w√ºrden uns bestimmt gut tun!!"
UCAa7V7ZM0_hhszN_GYEl0Sg,sSRP6TGVVeA,UgwxHb_--O76e7oabVx4AaABAg.9S4QHGP-gL79SFHz4XVqoB,2021-09-13T22:02:37Z,Amy ge hoam,Und danach holen wir mal kurz Polen? ü§£
UCAa7V7ZM0_hhszN_GYEl0Sg,sSRP6TGVVeA,UgxSH9_fca940soUbAZ4AaABAg,2021-09-09T13:52:00Z,Oberland Ammergauer,Faschisten Interview !!!!!
UCAa7V7ZM0_hhszN_GYEl0Sg,sSRP6TGVVeA,UgxknPNfAazYcnHzPtx4AaABAg,2021-09-09T11:24:16Z,hifcliff,KURZ gesagt üëéüëéüëéüëéüëé
UCAa7V7ZM0_hhszN_GYEl0Sg,sSRP6TGVVeA,UgxvtSbtAiwmLP1mNPt4AaABAg,2021-09-09T10:53:55Z,Arnold Wohler,Wenn die Mama dem zuk√ºnftigen Schwiegersohn auf den Zahn f√ºhlt ....
UCAa7V7ZM0_hhszN_GYEl0Sg,sSRP6TGVVeA,UgxUzuYr307V_oYUdsp4AaABAg.9S3gAg7k4gn9UgUXdWJo2j,2021-11-13T13:53:51Z,WINIX,Pia nach deinem Foto musst du dich dringend behandeln lassen.
UCAa7V7ZM0_hhszN_GYEl0Sg,sSRP6TGVVeA,UgxUzuYr307V_oYUdsp4AaABAg.9S3gAg7k4gn9SBxfT5PU2w,2021-09-12T14:58:43Z,Bernd King,"Ich mein im Ernst, war das sarkastisch gemeint?!?  Kurz l√§sst nicht mal die h√§lfte der Fragen zu Ende stellen!  hahahahahahaha"
UCAa7V7ZM0_hhszN_GYEl0Sg,sSRP6TGVVeA,UgxUzuYr307V_oYUdsp4AaABAg.9S3gAg7k4gn9SBxaiCt3S9,2021-09-12T14:58:04Z,Bernd King,Besser als ihrem Gegen√ºber hier wohl!?
UCAa7V7ZM0_hhszN_GYEl0Sg,sSRP6TGVVeA,UgxfO-kst0Ytn5p5v9R4AaABAg,2021-09-09T05:09:10Z,Kurt Wohl,"Der ekelhafteste L√ºgner, der je in der Politik sein menschenverachtendes Unwesen trieb..."
UCAa7V7ZM0_hhszN_GYEl0Sg,sSRP6TGVVeA,UgwECcl0acmVEtQfwXR4AaABAg,2021-09-08T21:45:13Z,Nina Jusic,ü§Æ
UCAa7V7ZM0_hhszN_GYEl0Sg,sSRP6TGVVeA,UgwkqDPGYFguM7Ozw0x4AaABAg.9S2JhQLCdjP9fsYUeh9Ryt,2022-09-12T12:36:01Z,Leo Mutombo,https://www.youtube.com/watch?v=pHjyK-g4VH0
UCAa7V7ZM0_hhszN_GYEl0Sg,sSRP6TGVVeA,UgwkqDPGYFguM7Ozw0x4AaABAg.9S2JhQLCdjP9TnkPSUIA6y,2021-10-22T13:04:34Z,Alex Cio,"leider ja. 
es nimmt ganz neue Dimensionen an ^^"
UCAa7V7ZM0_hhszN_GYEl0Sg,sSRP6TGVVeA,UgwXgKuV_NvpJto7aBN4AaABAg.9S2EN9FqiXl9UHhJjh4MHM,2021-11-03T13:34:02Z,Mango Jerry,"Sein Geschichtslehrer hat nahezu vom Basti geschw√§rmt, bester Sch√ºler."
UCAa7V7ZM0_hhszN_GYEl0Sg,sSRP6TGVVeA,Ugy5JNuOfg6J-ECSOPh4AaABAg,2021-09-08T19:01:31Z,B. Ghould,"ballungsr√§ume durchimpfen. Und das AMS sollte einmal zu 1/3 aus Uebermittlungsprovisionen bestehen, weil das zu 70% politisch betrieben wird. 

Afghanistan geh√∂rt eh missioniert. üíù"
UCAa7V7ZM0_hhszN_GYEl0Sg,sSRP6TGVVeA,Ugw4Ma5wJh_e9PJSk3Z4AaABAg,2021-09-08T18:47:08Z,Freiheit #Freedom,Pinocchio pandemie!
UCAa7V7ZM0_hhszN_GYEl0Sg,sSRP6TGVVeA,UgyMUYgwHaXMF5WpyOt4AaABAg.9S22hof6Pki9fsYWIHOvBk,2022-09-12T12:36:14Z,Leo Mutombo,https://www.youtube.com/watch?v=pHjyK-g4VH0
UCAa7V7ZM0_hhszN_GYEl0Sg,sSRP6TGVVeA,UgzpnanzoqD-Mcsn1xx4AaABAg.9S1unwuWORd9SGMT25a7pP,2021-09-14T08:01:02Z,Robert Shawmarsh,"@FelixAustria In D√§nemark ist Corona vorbei, aber bei uns versch√§rfen die Politgogerln die Ma√ünahmen auch noch. Wie irre ist diese Politik ????"
UCAa7V7ZM0_hhszN_GYEl0Sg,sSRP6TGVVeA,UgzpnanzoqD-Mcsn1xx4AaABAg.9S1unwuWORd9SGHhk1LltA,2021-09-14T07:19:29Z,Robert Shawmarsh,"@FelixAustria Da hast Du dich mit deinem letzten Kommentar selbst disqualifiziert, denn eine Ansteckung kann nur √ºber Mund oder Nase in Form einer Tr√∂pfcheninfektion erfolgen. Was glaubst Du was  tun die √Ñrzte bei Operationen  im Spital, sie setzen die Maske auf und schon kann jede Infektion verhindert werden. Oder glaubst Du allen ernstes, der Virus fliegt durch die Luft und dringt durch unsere Haut ein ????"
UCAa7V7ZM0_hhszN_GYEl0Sg,sSRP6TGVVeA,UgzpnanzoqD-Mcsn1xx4AaABAg.9S1unwuWORd9SErqO3z345,2021-09-13T18:05:30Z,FelixAustria,"@Robert Shawmarsh Wie man sieht, reicht Maske und Abstand aber leider nicht.
Virenfrei und symptomfrei kannst du nicht gleichsetzen."
UCAa7V7ZM0_hhszN_GYEl0Sg,sSRP6TGVVeA,UgzpnanzoqD-Mcsn1xx4AaABAg.9S1unwuWORd9SEowdF5yFo,2021-09-13T17:40:08Z,Robert Shawmarsh,"@FelixAustria Ich wei√ü schon, dass wir  beide niemals einer Meinung sein k√∂nnen, mir ist aber wichtig,  dass ich selbst √ºber meinen K√∂rper bestimmen kann und nicht der Kurz Bubi, weil noch immer nicht sichergestellt ist, dass Nebenwirkungen verbunden mit gravierenden K√∂rpersch√§den auftreten k√∂nnen. Ich bin seit mehr als 1 1/2 Jahren, seit es Corona gibt, niemals mit Covid 19 in Ber√ºhrung gekommen, war also bis heute immer  virenfrei, habe ein gesundes Immunsystem und f√ºrchte mich auch nicht  vor diesem Virus. Ich kenne in  meiner Verwandtschaft keinen einzigen Corona Patienten, ich kenne aber einige Leute, die nach der Corona Impfung schwere Nebenwirkungen eingefangen haben. Ich kann D√§nemark nicht beurteilen, aber Tatsache ist, dass alle Ma√ünahmen aufgehoben wurden. Es gibt auch noch etliche Staaten die niemals so rigorose Ma√ünahmen wie √ñsterreich eingef√ºhrt haben und trotzdem passable Ergebnisse erzielt haben. Maske oder Abstand w√ºrden n√§mlich durchaus gen√ºgen um den Virus auf Abstand zu halten."
UCAa7V7ZM0_hhszN_GYEl0Sg,sSRP6TGVVeA,UgzpnanzoqD-Mcsn1xx4AaABAg.9S1unwuWORd9SEb7DedCJB,2021-09-13T15:39:23Z,FelixAustria,"@Robert Shawmarsh schlechtes beispiel. schau nach d√§nemark oder in andere l√§nder, die eine noch bessere impfrate haben! nur weil es in einem land nicht funktioniert, hei√üt das noch lang nicht, dass die impfung nicht wirkt!"
UCAa7V7ZM0_hhszN_GYEl0Sg,sSRP6TGVVeA,UgxR68MleAooBM_1L9Z4AaABAg.9S1_NAmBC_K9SKG_j6AdmH,2021-09-15T20:26:37Z,MaMa VII,Nope
UCAa7V7ZM0_hhszN_GYEl0Sg,sSRP6TGVVeA,UgyyCNiyLGDB7gH3E-N4AaABAg.9S1_4SoWbgX9SARsLPGNvB,2021-09-12T00:52:52Z,Adolf Hitler,"@FelixAustria Dann ist es komisch, dass die Grenzen nicht gschlossen wurden, nachdem bekannt wurde, dass so ein ,,t√∂dlicher"" ,,Virus"" in Wuhan gefunden wurde. Drei Monate waren Zeit. Welches Argument bringst jetzt? Dass die Regierung unf√§hig ist, und aus Fehlern lernt? Ja, ich glaub auch, dass ich aus Fehlern lern, wenn ich mit denen fertig bin."
UCAa7V7ZM0_hhszN_GYEl0Sg,sSRP6TGVVeA,UgyyCNiyLGDB7gH3E-N4AaABAg.9S1_4SoWbgX9S25jnX9Av-,2021-09-08T19:05:33Z,FelixAustria,"Und was soll das bringen? Infizierts euch noch mehr, dann haben wir schneller ein Lockdown...^^"
UCAa7V7ZM0_hhszN_GYEl0Sg,sSRP6TGVVeA,UgyfVFlrMReT5CjbmxJ4AaABAg,2021-09-08T14:03:43Z,Jewaa Blabla,ü§£ü§£ü§£üëéü§Æ
UCAa7V7ZM0_hhszN_GYEl0Sg,sSRP6TGVVeA,UgzmpnHyciJOJV7_Y9F4AaABAg,2021-09-08T13:49:10Z,Lili L,üëéüèΩüëéüèΩüëéüèΩ
UCAa7V7ZM0_hhszN_GYEl0Sg,sSRP6TGVVeA,UgyxUnBVCAR7xrK0FnJ4AaABAg.9S1JVbsyFS-9fsYWkAll7U,2022-09-12T12:36:18Z,Leo Mutombo,https://www.youtube.com/watch?v=pHjyK-g4VH0
UCAa7V7ZM0_hhszN_GYEl0Sg,sSRP6TGVVeA,UgyxUnBVCAR7xrK0FnJ4AaABAg.9S1JVbsyFS-9TnbA7GZDEi,2021-10-22T11:43:50Z,Vlad,"@Alex Cio Ach, daher weht der Wind...na, dann hats eh keinen Sinn mehr weiter zu fragen"
UCAa7V7ZM0_hhszN_GYEl0Sg,sSRP6TGVVeA,UgyxUnBVCAR7xrK0FnJ4AaABAg.9S1JVbsyFS-9TnaD3ZZyRR,2021-10-22T11:35:30Z,Alex Cio,"@Vlad Sollte nicht jede Partei den gleichen Massstab ansetzen wie die anderen? Und demokratie bef√ºrworten, oder ist √ºbertriebener Patriotismus was v√∂llig nat√ºrliches?! 

Verhalte dich so, wie du behandelt werden willst. Wundere dich aber nicht, wenn du dich daneben verh√§lst und dann die konsequenzen sp√ºrst. sehe da ganz oft wie viele etwas ungerecht finden, aber vergessen, die Partei ist mit ihren vorherigen Aktionen selber schuld"
UCAa7V7ZM0_hhszN_GYEl0Sg,sSRP6TGVVeA,UgyxUnBVCAR7xrK0FnJ4AaABAg.9S1JVbsyFS-9TnZPYYz4zO,2021-10-22T11:19:44Z,Vlad,@Alex Cio Sollte man nicht bei jeder Partei den selben Ma√üstab ansetzen?
UCAa7V7ZM0_hhszN_GYEl0Sg,sSRP6TGVVeA,UgyxUnBVCAR7xrK0FnJ4AaABAg.9S1JVbsyFS-9TlqB2S924l,2021-10-21T19:16:33Z,Alex Cio,Ja bei der FP√ñ muss man auch viel kritischer fragen. Gr√ºsse von #SteinbergAmRofan
UCAa7V7ZM0_hhszN_GYEl0Sg,sSRP6TGVVeA,UgwQCbeuekEsZ9gqUdh4AaABAg,2021-09-08T10:29:44Z,Robert Shawmarsh,"L√ºgen haben Kurz Beine, die Pandemie geht weiter. FFP2 Maske die es nirgends in Europa verpflichtend gibt, wird wieder ausgegraben, ohne das sie eine Wirkung erzielt, ohne dass sie einen Sinn macht. Ein dummes Volk dass sich alles gefallen l√§sst,     nimmt das alles ohne jede Kritik hin."
UCAa7V7ZM0_hhszN_GYEl0Sg,sSRP6TGVVeA,UgxnZDJnst7fqK0iAP54AaABAg,2021-09-08T09:11:00Z,4 4,noch nie in meinem Leben hab ich mich f√ºr die √∂sterreichische Politik und vor allem f√ºr diese Person als Bundeskanzler so gesch√§mt! traurig wie schnell es in √∂sterreich bergab geht.. wo werden wir wohl in 4 oder 5 jahren stehen wenn weiter so 'gehandelt' wird..
UCAa7V7ZM0_hhszN_GYEl0Sg,sSRP6TGVVeA,UgwOs9aaQA8Hes0a2I54AaABAg,2021-09-07T22:15:50Z,Querruhe,"Der Kanzler pinkelt dem Gesundheitsminister, den Gr√ºnen, dem Gesundheitspersonal, den Sozialpartnern, den ehrenamtlichen Helfern, den Landeshauptleuten, der kath. Kirche, den Medien und dem Rechnungshof ans Bein. Die Frage ist nur wie lange sich der W√§hler ans Bein pinkeln l√§sst, wenn Fakten geleugnet und versprochene Leistungen nicht erbracht werden. Ich halte es f√ºr m√∂glich, dass der W√§hler irgendwann einen Paradigmen Wechsel vornimmt und dem Kanzler bei Wahlen an das Bein pinkelt."
UCAa7V7ZM0_hhszN_GYEl0Sg,sSRP6TGVVeA,UgwH6ayI_iq15TeT7HJ4AaABAg.9S-iGH4y6Gn9TnkQXatXu7,2021-10-22T13:04:43Z,Alex Cio,leider ja
UCAa7V7ZM0_hhszN_GYEl0Sg,sSRP6TGVVeA,Ugy2kkiSMdORj0nnkqF4AaABAg,2021-09-07T20:13:55Z,Thomas Mayer,"sorry herr kurz leider muss ich ihnen mitteilen das ich mich drauf freue mich anzustecken mit corona da ich dann entlich antik√∂rper entwickle und mein immunsystem st√§rker wird, sollte der fall eintreten das ich auf die intensivstation komme dann lasst mich einfach sterben als das ich unkosten entwickle ist meine pers√∂nliche meinung"
UCAa7V7ZM0_hhszN_GYEl0Sg,sSRP6TGVVeA,UgyS0RrkV1jue_cXCsF4AaABAg.9S-_p_4RsmN9S0w4pbCK07,2021-09-08T08:13:12Z,FelixAustria,"Weil die Antik√∂rper, wie bei der Impfung nicht f√ºr immer im Organismus bleiben, darum m√ºssen ,,leider"" Ma√ünahmen getroffen werden..."
UCAa7V7ZM0_hhszN_GYEl0Sg,sSRP6TGVVeA,UgyLLqHL_QzouiU1_dZ4AaABAg.9S-UERCAoZC9fsYYa2BnJp,2022-09-12T12:36:33Z,Leo Mutombo,https://www.youtube.com/watch?v=pHjyK-g4VH0
UCAa7V7ZM0_hhszN_GYEl0Sg,sSRP6TGVVeA,UgysFcf_V7U6X3unhtp4AaABAg.9S-UAENCGli9UHiHx6Sj5E,2021-11-03T13:42:32Z,Norbert Vogel,@Mango Jerry ü§£ü§£
UCAa7V7ZM0_hhszN_GYEl0Sg,sSRP6TGVVeA,UgysFcf_V7U6X3unhtp4AaABAg.9S-UAENCGli9UHi7OaIDDB,2021-11-03T13:41:05Z,Mango Jerry,... wenn es unten juckt.
UCAa7V7ZM0_hhszN_GYEl0Sg,sSRP6TGVVeA,UgyfmcJ749AqhFWBDkN4AaABAg,2021-09-07T18:41:06Z,Norbert Vogel,so gef√ºhlvoll
UCAa7V7ZM0_hhszN_GYEl0Sg,sSRP6TGVVeA,UgzpIcp3fhXcZn5cRTd4AaABAg.9S-U7VLhCFv9UgUjFG1x-G,2021-11-13T13:55:34Z,WINIX,@Mango Jerry f√ºr den ist Loch Loch egal welches.
UCAa7V7ZM0_hhszN_GYEl0Sg,sSRP6TGVVeA,UgzpIcp3fhXcZn5cRTd4AaABAg.9S-U7VLhCFv9UHiZOno9S4,2021-11-03T13:44:55Z,Mango Jerry,"F√ºr wen, f√ºr M√§nner?"
UCAa7V7ZM0_hhszN_GYEl0Sg,sSRP6TGVVeA,UgxznySZ3LchODY_tTZ4AaABAg.9S-RQiiNLy19SASjD1utP6,2021-09-12T01:00:22Z,Adolf Hitler,"@FelixAustria Man merkt, dass du bezahlt wirst."
UCAa7V7ZM0_hhszN_GYEl0Sg,sSRP6TGVVeA,UgxznySZ3LchODY_tTZ4AaABAg.9S-RQiiNLy19S25uVUmgos,2021-09-08T19:07:00Z,FelixAustria,"Nicht, wer sich impfen l√§sst, sondern wer sich impfen lassen KANN, sollte es tun!
Denn es gibt, zwar wenige, aber dennoch Menschen die k√∂nnen nicht, weil es aus gesundheitlichen Gr√ºnden zu starken Komplikationen kommen k√∂nnte. Dann gibt's aber auch andere, die k√∂nnen, aber einfach keinen Bock haben, und das seh ich nicht ein...
Angst, Unsicherheit etc. kann man entgegenwirken, aber einer Gehirnw√§sche oder Verblendheit eben nicht, also bitte wachts auf, und lassts euch impfen!"
UCAa7V7ZM0_hhszN_GYEl0Sg,sSRP6TGVVeA,UgwFJOAgZwEbNpgJ8zR4AaABAg,2021-09-07T16:55:49Z,J√ºrgen Selberherr,Der L√ºgenbaron pers√∂nlich. Nein dankeü§Æü§Æü§Æ
UCAa7V7ZM0_hhszN_GYEl0Sg,sSRP6TGVVeA,UgwqVDD4nGUpppm3NiN4AaABAg,2021-09-07T16:42:55Z,bellboy kraff,"kurz du wei√üt jetzt schon  ?  das der Virus 10 Jahre noch bleibt !  f√ºr was haben sich die Menschen geimpft ? , und sagtest ! das du alles machen wirst das es blad keine Ansteckung mehr kommen wird . die Hoffnung und Interesse haben nur noch die Politiker f√ºr dich :-)"
UCAa7V7ZM0_hhszN_GYEl0Sg,sSRP6TGVVeA,UgwjbLZFW6yha9sJaKp4AaABAg,2021-09-07T16:24:56Z,Tizian Schneider,Pinnocio
UCAa7V7ZM0_hhszN_GYEl0Sg,sSRP6TGVVeA,UgxNkTHn3Q49pN00j_94AaABAg.9S-6rTpOr959SIhdG7czfP,2021-09-15T05:53:17Z,Bernd King,"@FelixAustria Und da hab ich noch nicht mal von der Immunschw√§chung durch das halbj√§hrliche Auffrischen dieser Impfung f√ºr ALLE gesprochen.... So schaut die Realit√§t aus, ob mans wahrhaben will oder nicht  xD"
UCAa7V7ZM0_hhszN_GYEl0Sg,sSRP6TGVVeA,UgxNkTHn3Q49pN00j_94AaABAg.9S-6rTpOr959SGJgvzbLh2,2021-09-14T07:36:51Z,Bernd King,"@FelixAustria Naja, bei einer Ansteckungsrate von 0,3 Prozent (sogar weniger), VON DIESEN 0,3 eine Hospitalisierung von ich glaub 5 Prozent und davon eine Todesrate von 10 Prozent gegen√ºbergestellt zu einer gew√ºnschten Durchimpfungsrate von am liebsten 100 Prozent und davon Nebenwirkunswahrscheinlichkeit von 10 Prozent - was is da mathematisch wahrscheinlicher, eine Nebenwirkung oder Erkrankung?  ;)"
UCAa7V7ZM0_hhszN_GYEl0Sg,sSRP6TGVVeA,UgxNkTHn3Q49pN00j_94AaABAg.9S-6rTpOr959SF-B5kE7q4,2021-09-13T19:18:22Z,FelixAustria,"@Bernd King W√§re mir aber neu, dass das der Fall ist. Eher umgekehrt ist die Realit√§t"
UCAa7V7ZM0_hhszN_GYEl0Sg,sSRP6TGVVeA,UgxNkTHn3Q49pN00j_94AaABAg.9S-6rTpOr959SEz48VmQTj,2021-09-13T19:08:41Z,Bernd King,"@FelixAustria Kurze Antwort: Wenn die Waffe mehr schadet als nutzt, also um beim Bild zu bleiben eher ins Gsicht explodiert als zu verteidigen, dann ist es verst√§ndlich, dass sie viele nicht nutzen wollen."
UCAa7V7ZM0_hhszN_GYEl0Sg,sSRP6TGVVeA,UgxNkTHn3Q49pN00j_94AaABAg.9S-6rTpOr959SEtBYasQXA,2021-09-13T18:17:16Z,FelixAustria,"@Bernd King lange rede kurzer sinn: es ist zurzeit die einzige ,,waffe"" im kampf gegen das virus und jeder sollte mithelfen, da es jeden betrifft."
UCAa7V7ZM0_hhszN_GYEl0Sg,sSRP6TGVVeA,UgyiowREWPn2QSk8C9d4AaABAg.9RzvFwKu7cx9UHiOylNZrK,2021-11-03T13:43:29Z,Mango Jerry,@FelixAustria Boosterst Du schon?
UCAa7V7ZM0_hhszN_GYEl0Sg,sSRP6TGVVeA,UgyiowREWPn2QSk8C9d4AaABAg.9RzvFwKu7cx9TCL3caeA1K,2021-10-07T15:03:16Z,FelixAustria,"@Pink_Denkr Nicht, wenn Ungeimpfte unn√∂tiges Risiko darstellen, andere bewusst gef√§hrden m√ºssen und dann auch noch die Spit√§ler mit deren egoistischen Verhalten unn√∂tig auslasten m√ºssen. Verantwortung anstatt Egoismus. lg"
UCAa7V7ZM0_hhszN_GYEl0Sg,sSRP6TGVVeA,UgyiowREWPn2QSk8C9d4AaABAg.9RzvFwKu7cx9SilzjcxLXT,2021-09-25T18:10:48Z,Pink_Denkr,"@FelixAustria gibt auch bei der Grippe Langzeit-Folgen. Und auch bei Impfungen. Gravierend sogar. Darum bin ich der Meinung, dass es jedem freigestellt bleibt sich zu sch√ºtzen. Das wollen doch die Geimpften auch, in einem freien Land zu leben, wo man √ºber sowas frei entscheiden kann, oder?"
UCAa7V7ZM0_hhszN_GYEl0Sg,sSRP6TGVVeA,UgyiowREWPn2QSk8C9d4AaABAg.9RzvFwKu7cx9SEXL5ijFCx,2021-09-13T14:57:35Z,FelixAustria,"@Pink_Denkr ich hatte auch schon mal grippe und bin auch sportler und i bin geimpft und lass mi a wieder impfen, da i der wissenschaft/forschung und den √§rzten vertraue. ansonsten braucht niemand mehr a handy, auto etc. denn das basiert alles auf forschung/wissenschaft...
und der zwang kommt meiner meinung nur dann, wenn die leute, die sich net auskennen, so tun als w√ºssten sie, wovon sie reden und sich dann eine ausrede nach der anderen zimmern um ja nicht einen stich zu bekommen! gibts noch genug gr√ºnde, aber dann wird mein kommentar aber mals wieder zu lang..."
UCAa7V7ZM0_hhszN_GYEl0Sg,sSRP6TGVVeA,UgyiowREWPn2QSk8C9d4AaABAg.9RzvFwKu7cx9SCR5J18zUy,2021-09-12T19:24:32Z,Pink_Denkr,"@FelixAustria gibt auch bei der Grippe Langzeit-Folgen. Schonmal Grippe gehabt. Ich scho, als Sportler kann i sagen, ich brauchte mehrere Wochen um wieder fit zu sein. Trotzdem lass i mi net impfen und scho gar net zwingen."
UCAa7V7ZM0_hhszN_GYEl0Sg,sSRP6TGVVeA,UgzH1uj-ZrZl0tzD3e14AaABAg,2021-09-07T13:17:44Z,Gerald Haid,"Wie unsinnig, und ohne jegliche Verh√§ltnism√§√üigkeit!!!
Kurz und die sehr intelligenten Gr√ºnen wollen mit Milliarden von Euro in den n√§chsten Jahren nicht mal ein halbes Prozent (0.5) an weltweiten CO2 Aussto√ü reduzieren! Und der Spruch... Mit gutem Beispiel vorangehen... Hah!!! Da muss ich nur lachen. 
Sollen erst mal die was machen die noch Welten hinter √ñsterreich liegen... Sorry, geht ja nicht, sonst h√§tten diese L√§nder keine derartige Wachst√ºme mehr, die den Reichen auch aus Europa/√ñsterreich noch mehr Reichtum bescheren!"
UCAa7V7ZM0_hhszN_GYEl0Sg,sSRP6TGVVeA,UgxX1ofwh8pZv2P74ld4AaABAg.9Rzu4Iq_CkU9TUpFTd82Vp,2021-10-14T19:22:05Z,el jamon loco,@FelixAustria     jetzt weisst du warum.
UCAa7V7ZM0_hhszN_GYEl0Sg,sSRP6TGVVeA,UgxX1ofwh8pZv2P74ld4AaABAg.9Rzu4Iq_CkU9SJGjIk3D9p,2021-09-15T11:08:41Z,4 4,"@FelixAustria doch.. bitte w√§hlen gehen! auch bei ner 'ung√ºltigen' stimmabgabe.. wie oder was sie dann w√§hlen, bleibt ihnen noch selbst  √ºberlassen..  keine angst falls sie NICHT √∂vp w√§hlen sollten, HOHEITSBELEIDIGUNG gibt es enstweilen NOCH NICHT ;)"
UCAa7V7ZM0_hhszN_GYEl0Sg,sSRP6TGVVeA,UgxX1ofwh8pZv2P74ld4AaABAg.9Rzu4Iq_CkU9SEWzx7wh_C,2021-09-13T14:54:34Z,FelixAustria,"@4 4 na dann haben sie ja doch was im hirn! bin beeindruckt. 
jedenfalls, wenn ich w√§hlen gehe, denk ich auch immer dr√ºber nach, ob ich √ºberhaupt w√§hlen sollte bzw. ob ich denn nicht ung√ºltig w√§hlen sollte, aber dann brauch ich ja erst gar nicht hingehn."
UCAa7V7ZM0_hhszN_GYEl0Sg,sSRP6TGVVeA,UgxX1ofwh8pZv2P74ld4AaABAg.9Rzu4Iq_CkU9SDvtvY-lmd,2021-09-13T09:21:42Z,4 4,"@FelixAustria ich bin am boden der tatsachen keine sorge! verantwortung √ºbernehme ich auch wenn ich so dr√ºber nachdenke.. f√ºr mich und die gesellschaft.. habe in kurzarbeit mehr gearbeitet als davor.. bin geimpft.. somit kein impfgegener.. trag trotzdem maske und stell es nicht in frage.. zahle zb. auch meine √§rztliche behandlung selbst, weil unsere 'gesundheitskasse' auch kein geld f√ºr sowas hat.. mh.. die sind so arm, bei den ganzen postenschacher bleibt bald garnix mehr √ºbrig..  
also ich stell mir immer √∂fter die frage wie sich solche ""schluchten"" in nem angeblich funktionierendem system auftun k√∂nnen.. √ñVP sympathisant hin oder her.. traurig das mann mittlerweile als n√∂rgler, fp√∂'ler, 'muster erkenner' abgestempelt wird, sobald man kritik √§ussert.. und nur weil es sp√∂ und co. angeblich genauso betreiben w√ºrde wenns nicht die √∂vp ist, ists besser wenns die √∂vp tut? l√§cherlich..  ich kanns nicht verstehen wie man an dieser partei noch was gutes finden kann, anfangs war ich auch noch froh, schon fast stolz auf schwarz/gr√ºn.. mittlerweile ists mir peinlich jemals begeistert von diesem pack gewesen zu sein.. und noch mehr besch√§mt es mich das es ernsthaft leute in √∂sterreich gibt die sich noch immer hinstellen und diese verteidigen! zu nem gewissen grad versteh ichs ja, es auszublenden und einfach nicht wahrhaben wollen.. zu ihrem vergleich mit meinen ""kollegen"" kurz muss weg, blabla.. zu denen z√§hle ich mich selbst zwar nicht, aber f√ºr √∂vp sympathisanten wie sie scheint es leichter zu sein zu schlafen wenn man so leute wie mich einfach als solche abstempelt.. aber ich werde mich jetzt 'anpassen'.. alles hinnehmen.. nichts mehr hinterfragen.. keine kritik mehr √§ussern..  nur mehr nicken.. brav arbeiten gehen.. ja keinen gegenwind produzieren.. und dann k√∂nnen wir alle gemeinsam in die selbe Richtung laufen, ist doch sch√∂n! kann ihnen jetzt schon sagen, keine angst.. von mir bekommt die fp√∂ keine stimme.. keine sp√∂.. keine √∂vp.. keine gr√ºnen! (NIE WIEDER!!!) ich mach das n√§chtse mal ein ganz grosses kreuz, das auch wirklich jeder seinen teil bekommt üòâ ob das gut oder schlecht ist √ºberlasse ich ihnen.. ich finds recht passend, so haben alle was davon! und ich kann mit jeder Partei mitfeiern ü•≥ 

zu ihren fragen was ich mag und warum, ich mag unsere landschaft, das ich die natur vor der haust√ºre habe, nen garten, eigens angebautes gem√ºse, mag schnitzel - am liebsten vom huhn, pizza, mag die alten geb√§ude in wien, manfred deix, museen, unsere alpen, seen, das waldviertel, heurigenbesuche, urlaub im s√ºden am meer, indische k√ºche,.."
UCAa7V7ZM0_hhszN_GYEl0Sg,sSRP6TGVVeA,UgxX1ofwh8pZv2P74ld4AaABAg.9Rzu4Iq_CkU9S1Dcwxhpyx,2021-09-08T10:55:16Z,FelixAustria,"@4 4 absatz 1: bitte bleiben Sie am Boden. Ich bin auch kein √ñVP-J√ºnger, wie Sie es nennen, nur ein Sympathisant, d.h. nicht, dass alles au√üer der √ñVP kompletter Bl√∂dsinn ist, ist es ja nicht. Mich st√∂rt nur die st√§ndige N√∂rgelei, die oft einfach √ºbertrieben ist. Es wird gejammert, dass sich die Balken biegen, aber Verwantwortung wird von einigen einfach abgegeben. Und dann wundern sich viele, dass es wieder Ma√ünahmen gibt und dann ist die Regierung schuld, jaja. Aber sch√∂n, dass sie geimpft und sogar vollimmunisiert sind, nur brauchen Sie nicht so abf√§llig sein, als ob das was schlechtes w√§re. Nur weil sie die √ñVP nicht m√∂gen. Sagen Sie mir lieber, was Sie m√∂gen und warum!

absatz 2: nicht jeder mensch hat die zeit und das interesse politik aufmerksam zu verfolgen. Nur weil Sie ein Muster erkennen, hei√üt das noch lange nicht, dass es eines gibt. Aber, Sie k√∂nnten es wenigstens NORMAL von sich geben als, wie viele Ihrer Kollegen mit Erg√ºssen wie: Kurz muss weg, L√ºgner, bla bla bla...

Abschlie√üend: Falls die √ñVP nicht mehr ist, und z.B. die SP√ñ oder NEOS oder die Gr√ºnen an der Macht sind, werden Sie sich genau so verhalten. Von der FP√ñ braucht man ja gar nicht reden. Die sagen immer B wenn die anderen A sagen. und sind sie in der Regierung, dann sagen sie auch A. Tolle Partei. Viel Gl√ºck mit Ihrer Einstellung!"
UCAa7V7ZM0_hhszN_GYEl0Sg,sSRP6TGVVeA,UgzbH0VN33xoeUwawZd4AaABAg.9Rzu1Bi63N69fsYb1V3Kd0,2022-09-12T12:37:01Z,Leo Mutombo,https://www.youtube.com/watch?v=pHjyK-g4VH0
UCAa7V7ZM0_hhszN_GYEl0Sg,sSRP6TGVVeA,Ugzwl9nvU2Pe5Uein2p4AaABAg.9RzpyVZ8pwP9S-BASxoJ55,2021-09-07T15:55:17Z,FelixAustria,Warum?
UCAa7V7ZM0_hhszN_GYEl0Sg,sSRP6TGVVeA,Ugw6oigrQoGBBc7dx5V4AaABAg.9RzlHP7d9-39UHjdoLbHw6,2021-11-03T13:54:23Z,Mango Jerry,"@FelixAustria √ºbersetzt gl√ºcklicher √ñsterreicher, wie Basti."
UCAa7V7ZM0_hhszN_GYEl0Sg,sSRP6TGVVeA,Ugw6oigrQoGBBc7dx5V4AaABAg.9RzlHP7d9-39S1WjKGQq9P,2021-09-08T13:42:10Z,Gunny Austria,"@FelixAustria
Du solltest dich selber informieren √ºber die √Ñrzte und Anw√§lte die letztes WE in Wien protestiert haben.
Und ich habe dir Fragen √ºber Afghanistan gestellt die du nat√ºrlich nicht beantworten kannst."
UCAa7V7ZM0_hhszN_GYEl0Sg,sSRP6TGVVeA,Ugw6oigrQoGBBc7dx5V4AaABAg.9RzlHP7d9-39S1U1klnvEv,2021-09-08T13:18:36Z,FelixAustria,"@Gunny Austria Hat es in der Vergangenheit welche gegeben? Sind die Leute geimpft? Und es stirbt auch nicht jeder zweite daran, aber die Wahrscheinlichkeit ist da, so weit ich das verstanden hab. Und es gibt Long Covid, das auch noch keiner so richtig versteht UND in √ñsterreich z.B. will man zwar auch jeden Tod, der einer zu viel ist verhindern, nur ansich, m√∂chte man keine √úberlastung des Gesundheitssystem, d.h. wenn du zum Arzt gehst, Covid hast, einen schweren Verlauf hast, musst du medizinisch betreut werden und wenn sich niemand an Ma√ünahmen haltet oder sich mehr impfen l√§sst dann summiert sich das und dann kann es sein, dass dann auch OPs die nicht so wichtig erscheinen verschoben werden m√ºssen und und und. Ich will zwar Arzt werden, aber so eine Fahrl√§ssigkeit unterst√ºtze ich nicht, darum bin ich abgesehen von der Wirkung ein Impfbef√ºrworter und ich bin der letzte der sagt, dass muss sein, nur weil die Regierung das auch will, es macht halt Sinn und es ist leider traurig wenn es Politiker bzw. Querulanten eben gibt, die immer das Gegenteil sagen und wie schlecht es uns doch geht und bla bla bla. Das ist keine L√∂sung."
UCAa7V7ZM0_hhszN_GYEl0Sg,sSRP6TGVVeA,Ugw6oigrQoGBBc7dx5V4AaABAg.9RzlHP7d9-39S1TEBaTppM,2021-09-08T13:11:34Z,FelixAustria,"@Gunny Austria Stop, stop, stop. Das Video ging 1:30 und sie hat nicht mehr gesagt? Bitte nichts erfinden!
Schick mir halt das GANZE Video und nicht einen Trailer oder was das war... meine G√ºte"
UCAa7V7ZM0_hhszN_GYEl0Sg,sSRP6TGVVeA,Ugw6oigrQoGBBc7dx5V4AaABAg.9RzlHP7d9-39S1SONlnjq2,2021-09-08T13:04:13Z,Gunny Austria,"@FelixAustria
Also du hast nur geh√∂rt dass sie √Ñrztin ist... den Rest ihrer Aussage verdr√§ngst und ignorierst du einfach und genau so bildet sich die Meinung bei euch Impflamisten.
Ihr wollt nur h√∂ren... ich geh stechen und bin ein guter Mensch. Den Rest blendet ihr einfach aus und jeder der Zweifel an eurem heiligen Bastifantasti √§u√üert ist ein Ungustl. Mein Intellekt erlaubt mir nicht es mir so einfach zu machen wie ihr."
UCAa7V7ZM0_hhszN_GYEl0Sg,sSRP6TGVVeA,UgzE8H2dDIMdGjry55B4AaABAg,2021-09-07T11:44:58Z,Georonimus 86,"Wie w√§rs mal mit der Reichensteuer, Erbschaftssteuer und h√∂here Besteuerungen f√ºr Gro√üunternehmen, anstatt auf Arbeitslose zu zeigen? St√§ndig diese Liberale Kotzerei ü§Æ"
UCAa7V7ZM0_hhszN_GYEl0Sg,sSRP6TGVVeA,Ugyld-vc8ibC9UymG-54AaABAg,2021-09-07T11:37:22Z,Alexander K√ºnstner,"Ich kann nur empfehlen, folgendes Video auch mal vollst√§ndig an zu sehen:
https://youtu.be/MaL0ZgcVvGg

Es g√§be auch Alternativen zu dieser Gen-Injektion - Was anderes ist diese sogenannte Corona ""Impfung"" nicht."
UCAa7V7ZM0_hhszN_GYEl0Sg,sSRP6TGVVeA,Ugz6Ts5mBVJSlcyaGgp4AaABAg,2021-09-07T11:14:36Z,Philipp Poinsitt ab 2021 - Life Kanal,Und Netflix schauen
UCAa7V7ZM0_hhszN_GYEl0Sg,sSRP6TGVVeA,UgyLlrZ8o47Sn4S3GZV4AaABAg,2021-09-07T10:50:32Z,Nicolae Cristian,üëèüëèüëè
UCAa7V7ZM0_hhszN_GYEl0Sg,sSRP6TGVVeA,UgwDj2HTh3PquJAdaSh4AaABAg,2021-09-07T10:50:28Z,Alen Skrgic,üí™üèª
UCAa7V7ZM0_hhszN_GYEl0Sg,sSRP6TGVVeA,UgxGBr5GdiVYHy1mb9F4AaABAg.9Rzcwsr9RZt9S0eGwba5fU,2021-09-08T05:37:34Z,FelixAustria,"@Alexander Wagner Wenn es eine Verurteilung geben wird, dann sieht die Sache ganz anders aus. Solange das nicht Eintritt, sind es nur leere Drohungen gegen eine Person, die st√§ndig medial und von Leuten wie Ihnen gepusht werden und das ist meiner Meinung nach Rufsch√§digung erster Klasse.
Und dabei ist es egal, ob Sie von Sebastian Kurz reden oder dem Papst vom Vatikan. Jeder, der erwischt wird oder kriminielle Energien zeigt, wie z.B. euer HC (noch immer hei√ü geliebt, wie man merkt,  trotz etlichen Beweisen) der sollte die Konsequenzen tragen.
Alles andere, was Sie tun, ist einfach nur Ihren Vorrednern nachplappern und hetzen. Tolle Sache. Erinnert mich an eine Zeit, die mal sehr schrecklich war... Denken Sie dr√ºber nach und erz√§hlen Sie nicht so viel Schei**. lg"
UCAa7V7ZM0_hhszN_GYEl0Sg,sSRP6TGVVeA,UgxGBr5GdiVYHy1mb9F4AaABAg.9Rzcwsr9RZt9S07gi-_OMS,2021-09-08T00:44:07Z,Alexander Wagner,"@FelixAustria Schredder Aff√§re, Masken kommen nicht, Masken sind gekommen, es gibt sicher keinen zweiten Lockdown, er ist gekommen, L√ºge vor der Justiz, Chatprotokolle (Ich liebe dich mein Kanzler) 
, Afghanen sind besser gebildet wie √ñsterreicher und so eine elen... Drecks... wollen sie verteidigen, dieses korrupte AL geh√∂rt aus dem Parlament gejagt und zwar SOFORT, Kurz MUSS weg, gr√∂√üter Verbrecher √ñsterreichs"
UCAa7V7ZM0_hhszN_GYEl0Sg,sSRP6TGVVeA,UgxGBr5GdiVYHy1mb9F4AaABAg.9Rzcwsr9RZt9Rzqd4iCR32,2021-09-07T12:47:06Z,FelixAustria,"@Alruna Antigr√ºn Sagen wir es mal so. NIcht jeder ,,B√ºrger"" hat  die Zeit sich stundenlang und t√§glich mit verschiedenen Quellen auseinander zu setzen. Aber gut. Sie kennen anscheinend andere Quellen. Welche denn?
Und bitte nicht gleich eingeschnabt sein, denn wir unterhalten uns ja bis jetzt ziemlich gut. lg"
UCAa7V7ZM0_hhszN_GYEl0Sg,sSRP6TGVVeA,UgxGBr5GdiVYHy1mb9F4AaABAg.9Rzcwsr9RZt9Rzq8TCPbdl,2021-09-07T12:42:47Z,Alruna Antigr√ºn,"@FelixAustria 
Man sollte sich nicht nur in der Kronenzeitung und dem ORF informieren, sondern √ºber den Tellerrand schauen! Es gibt genug, auch ausl√§ndische, Informationsquellen, wo man Dinge erfahren kann, die in unseren ""Qualit√§tsmedien"" nicht berichtet werden d√ºrfen! Wer sich √ºber Hintergr√ºnde nicht informieren m√∂chte, muss alles glauben, was der narzisstische Selbstdarsteller Kurz den √ñsterreichern vorl√ºgt!
Sch√∂nen Tag noch"
UCAa7V7ZM0_hhszN_GYEl0Sg,sSRP6TGVVeA,UgxGBr5GdiVYHy1mb9F4AaABAg.9Rzcwsr9RZt9Rzp5PXt7_G,2021-09-07T12:33:37Z,FelixAustria,@Alruna Antigr√ºn Woher wissen Sie all das und warum glauben Sie das UND warum muss das stimmen?
UCAa7V7ZM0_hhszN_GYEl0Sg,sSRP6TGVVeA,UgwN4d2vNlgnk5fvVJB4AaABAg.9RzcZgWglUc9RzilIJM5U9,2021-09-07T11:38:19Z,FelixAustria,"Ich wei√ü, aber das Problem ist zurzeit Corona selbst, nehme ich an, sonst k√∂nnte man in diese Richtung mehr machen.
Aber trotzdem gute Einstellung!"
UCAa7V7ZM0_hhszN_GYEl0Sg,sSRP6TGVVeA,UgwN4d2vNlgnk5fvVJB4AaABAg.9RzcZgWglUc9Rzi50uMSk8,2021-09-07T11:32:24Z,Emina Dzajic,@FelixAustria Naja aber genau das ist ja das Problem. Jedes Land geht mit dieser Einstellung an die Sache ran ‚ÄûWir sind doch nicht am 1. Platz was den CO2 Aussto√ü angeht‚Äú  und ‚ÄûWir k√∂nnen dieses Problem allein nicht l√∂sen‚Äú und dann √§ndert sich auch nichts‚Ä¶
UCAa7V7ZM0_hhszN_GYEl0Sg,sSRP6TGVVeA,UgwN4d2vNlgnk5fvVJB4AaABAg.9RzcZgWglUc9RzhkSV9ylL,2021-09-07T11:29:28Z,FelixAustria,"Der Klimawandel muss gestoppt werden, das stimmt, nur √ñsterreich alleine wird es nicht schaffen."
UCAa7V7ZM0_hhszN_GYEl0Sg,sSRP6TGVVeA,UgyCdaVQ1woOVrXTYeN4AaABAg.9RzamXuS5IB9S-8EvbnTNw,2021-09-07T15:29:41Z,RZ-Web,"@FelixAustria nicht labern, links zu den studien bitte. danke"
UCAa7V7ZM0_hhszN_GYEl0Sg,sSRP6TGVVeA,UgyCdaVQ1woOVrXTYeN4AaABAg.9RzamXuS5IB9RzzKvKxDIk,2021-09-07T14:03:07Z,FelixAustria,"@RZ-Web Es gibt genug Studien, die beweisen, dass die Impfung wirkt!
Aber Sie werden sich auch nicht bei schwarz-wei√ü gedruckten Studien, die wissenschaftlich gepr√ºft sind, impfen lassen, da Sie vermutlich Manipulation vorwerfen werden, oder?

Dann d√ºrfen Sie auch keine Medikamente, die Ihnen ein Arzt verschreibt mehr nehmen, denn es k√∂nnten ja Placebos sein!"
UCAa7V7ZM0_hhszN_GYEl0Sg,sSRP6TGVVeA,UgyCdaVQ1woOVrXTYeN4AaABAg.9RzamXuS5IB9Rzy32tGffL,2021-09-07T13:51:57Z,RZ-Web,"@FelixAustria beweise bitte, beweise die mit daten und fakten belegt sind, zur wirksamkeit der impfung!!!
haben sie nicht?
keine angst, die hat auch sonst keiner, ausgenommen die pharmakonzerne, und die r√ºcken sie ja nicht raus.
aber was es gibt sind datenbanken zu den nebenwirkungen derer, und nicht von irgendwelchen hobby virologen, sondern z.b. CDC,  weitere k√∂nnen sie als gebilderter internet user selbst finden"
UCAa7V7ZM0_hhszN_GYEl0Sg,sSRP6TGVVeA,UgyCdaVQ1woOVrXTYeN4AaABAg.9RzamXuS5IB9RzhOSouRPA,2021-09-07T11:26:19Z,FelixAustria,"Warum nicht einfach impfen lassen? Tut nicht weh, hilft uns allen und bei Bedenken einfach seinen Arzt des Vertrauens fragen. Wichtig ist zurzeit einfach, dass man Verantwortung √ºbernimmt und nicht Verantwortung abgibt. Dass Sie sich regelm√§√üig testen lassen, ist wirklich super, nur eine Impfung w√§re noch viel besser, und effizienter f√ºr ganz √ñsterreich!"
UCAa7V7ZM0_hhszN_GYEl0Sg,sSRP6TGVVeA,UgyP0OXtFf-J0RPSqWh4AaABAg.9RzWCllr54i9SATBP-eMwD,2021-09-12T01:04:21Z,Adolf Hitler,"‚Äã@FelixAustria Die Belegung w√§re dann die Drohung mit allem M√∂glichen :) Zwangslager gibt's in Australien schon. Ihr Volldioten glaubt's, dass ihr nie selbst dran kommen werdet. Ich kann dich auch mit einer Waffe bedrohen und du gibst mir alles. Und wenn nicht, naja ganz einfach. Ich dr√ºck ab und nehme es mir <3"
UCAa7V7ZM0_hhszN_GYEl0Sg,sSRP6TGVVeA,UgyP0OXtFf-J0RPSqWh4AaABAg.9RzWCllr54i9RzzVj2SRHm,2021-09-07T14:04:36Z,FelixAustria,"@Elisa H. das stimmt, und das tue ich auch, nur ist es nicht logisch, wenn Falschinformation, die von etlichen anderen Wissenschaftlern widerlegt worden sind, zuzulassen. Macht irgendwie keinen Sinn..."
UCAa7V7ZM0_hhszN_GYEl0Sg,sSRP6TGVVeA,UgyP0OXtFf-J0RPSqWh4AaABAg.9RzWCllr54i9RzyjgRF6DB,2021-09-07T13:57:54Z,Elisa H.,"@FelixAustria Ihren letzten Satz mit ""andere Meinung zulassen"" sollten Sie selber beherzigen."
UCAa7V7ZM0_hhszN_GYEl0Sg,sSRP6TGVVeA,UgyP0OXtFf-J0RPSqWh4AaABAg.9RzWCllr54i9RzyS-WHl4e,2021-09-07T13:55:21Z,Elisa H.,"@RZ-Web Vielleicht bin ich zu optimistisch, aber so wie jetzt wird es bestimmt nicht weitergehen mit dieser Schand-Regierung. Irgendwnn wird auch der D√ºmmste munter, sp√§testens, wenn es an seine Substanz=Geld geht."
UCAa7V7ZM0_hhszN_GYEl0Sg,sSRP6TGVVeA,UgyP0OXtFf-J0RPSqWh4AaABAg.9RzWCllr54i9RzwpohgFci,2021-09-07T13:41:16Z,FelixAustria,"@Elisa H. Wie Sie meinen, aber Sucharit Bhakdi z.B. verbreitete oder verbreitet noch immer Falschinformationen bzgl. der Impfstoffe. Daher bitte ich Sie, befassen Sie sich WIRKLICH mit der Wissenschaft, oder lassen Sie es bleiben und akzeptieren Sie es, dass sie wirken!
Und, ja, anscheinend kommen wir nicht auf einen gr√ºnen Zweig, nur bitte h√∂ren Sie mir auch zu und ein Impfanatiker bin ich nicht, ich guthei√üe es nur. Auch verg√∂ttere ich Herrn Kurz nicht, sondern finde ihn sympathisch und f√§hig, was ja meine Meinung ist. Sie m√ºssen ihn ja nicht m√∂gen, aber ihn anzukreiden, wenn Sie keine festen Argumente haben, die wirklich beweisen, dass er kriminell aktiv ist oder, dass die Impfstoffe manipuliert etc sind, ist einfach unglaubw√ºrdig und jeder Wissenschaftler, wird Sie daf√ºr eigentlich auslachen und einfach widerlegen, insofern Sie es nat√ºrlich zulassen.
Aber, ich m√∂chte Sie nicht bewusste bekehren, Sie werden es vielleicht noch begreifen oder einsehen, wenn auch Sie mal andere Meinungen zulassen."
UCAa7V7ZM0_hhszN_GYEl0Sg,sSRP6TGVVeA,UgyX_HhYvlJStpGm35x4AaABAg.9RzTk4mX50o9i3bEUX2KDa,2022-11-05T22:02:26Z,Astrid Haller,Aufpassen was er sagt! er ist ein Super Blender!
UCAa7V7ZM0_hhszN_GYEl0Sg,sSRP6TGVVeA,UgyX_HhYvlJStpGm35x4AaABAg.9RzTk4mX50o9fsYrzgiZnN,2022-09-12T12:39:20Z,Leo Mutombo,https://www.youtube.com/watch?v=pHjyK-g4VH0
UCAa7V7ZM0_hhszN_GYEl0Sg,sSRP6TGVVeA,UgyX_HhYvlJStpGm35x4AaABAg.9RzTk4mX50o9UHiG1LYjJo,2021-11-03T13:42:16Z,Mango Jerry,@FelixAustria Geh√∂rst Du mit zu diesen Kreisen?
UCAa7V7ZM0_hhszN_GYEl0Sg,sSRP6TGVVeA,UgyX_HhYvlJStpGm35x4AaABAg.9RzTk4mX50o9Rzf0fdy9kn,2021-09-07T11:05:36Z,FelixAustria,"Ohne Beleidigung geht's nicht, oder?  ""Du"" solltest dir ""Neid"" auf die Stirn t√§towieren :)"
UCAa7V7ZM0_hhszN_GYEl0Sg,sSRP6TGVVeA,Ugxx_OMGehtKBnPbU7p4AaABAg.9RzMxhHjUuq9i3adgwf3Wj,2022-11-05T21:57:16Z,Astrid Haller,Der Basti Fantasti schon wieder! Hoffentlich erkennt bald jeder sein wahres Gesicht!
UCAa7V7ZM0_hhszN_GYEl0Sg,sSRP6TGVVeA,Ugz_ZbXaEf3_rsTg1cN4AaABAg,2021-09-07T08:11:19Z,Fritz Pospischil,"der sch√∂nredner, ank√ºnder und versprecher in Aktion im mittlerweile t√ºrkisen Probelauf beim ORF, geht ja, wird sicher ab 2022 noch effektiver, üòÇüòÇüòÇ"
UCAa7V7ZM0_hhszN_GYEl0Sg,sSRP6TGVVeA,Ugy1_kETXDawA9DCkLB4AaABAg.9RzLk0FQP3C9RzibJwO7Nv,2021-09-07T11:36:57Z,FelixAustria,"Ich empfehle Ihnen ein Stirntattoo, am besten in Gro√üschrift: ,,NEID"""
UCAa7V7ZM0_hhszN_GYEl0Sg,sSRP6TGVVeA,Ugy1_kETXDawA9DCkLB4AaABAg.9RzLk0FQP3C9RzTvF3yj3G,2021-09-07T09:19:52Z,Mica Sache,genau.  Aber das ist Star Wars....
UCAa7V7ZM0_hhszN_GYEl0Sg,sSRP6TGVVeA,UgwwTtt5q9z_APQ9UAF4AaABAg.9RzLeVlhItJ9RzjJ4CUcO2,2021-09-07T11:43:04Z,FelixAustria,"Differenzierung auf das √Ñu√üere... Gibt's sonst noch Gr√ºnde, warum er zur√ºcktreten sollte? Aja, manchmal tr√§gt er keine Krawatte. Furchtbar, wie kann er nur...  :)"
UCAa7V7ZM0_hhszN_GYEl0Sg,sSRP6TGVVeA,UgyYwMxLFuRhFw4IrOx4AaABAg.9RzEsRd_Ofn9fsYmom_-LY,2022-09-12T12:38:38Z,Leo Mutombo,https://www.youtube.com/watch?v=pHjyK-g4VH0
UCAa7V7ZM0_hhszN_GYEl0Sg,sSRP6TGVVeA,UgyYwMxLFuRhFw4IrOx4AaABAg.9RzEsRd_Ofn9SASHLnC0gM,2021-09-12T00:56:26Z,Adolf Hitler,"@dis pool 1 Glaubst wirklich, dass Politiker entscheiden was passiert? Das stimmt maximal teilweise. Alles Gier und Menschenfeindschaft ohne Grund."
UCAa7V7ZM0_hhszN_GYEl0Sg,sSRP6TGVVeA,UgyYwMxLFuRhFw4IrOx4AaABAg.9RzEsRd_Ofn9S4-UnA_6A3,2021-09-09T12:49:25Z,dis pool 1,"@Vlad, stimmt ...  je n√§her Person vs. Rolle an der Macht ist um so n√§her ist diese dem  pathologischen Narzismus."
UCAa7V7ZM0_hhszN_GYEl0Sg,sSRP6TGVVeA,UgyYwMxLFuRhFw4IrOx4AaABAg.9RzEsRd_Ofn9S3zbPEDfUw,2021-09-09T12:41:43Z,Vlad,"@dis pool 1  Es m√ºssen  schon gewisse Menschen/ gewisse Charaktere sein die so etwas mit sich machen lassen, oder gar wollen. So ganz trennen kann man das sicher nicht"
UCAa7V7ZM0_hhszN_GYEl0Sg,sSRP6TGVVeA,UgyYwMxLFuRhFw4IrOx4AaABAg.9RzEsRd_Ofn9S3j2LXOYW4,2021-09-09T10:16:59Z,dis pool 1,"@Vlad, Politik (Politrick) hat nichts pers√∂nliches, Politiker sind an Rollen gebunden, da wurde vom ""Hintergrund"" (G. Glock z. B.) viel Kapital zum Aufbau der Person investiiert.
Die ""Rolle"", Kanzler z. B. hat nichts mit der Person Kurz zu tun. Die Person ist austauschbar ......
An dem Punkt wird ev. bewusst, dass es grunds√§tzlich um Macht Weniger geht."
UCAa7V7ZM0_hhszN_GYEl0Sg,sSRP6TGVVeA,UgzYHlGOr1BD8X9W8_p4AaABAg.9RzAdP6o2Iy9fsYaVpz_x_,2022-09-12T12:36:57Z,Leo Mutombo,https://www.youtube.com/watch?v=pHjyK-g4VH0
UCAa7V7ZM0_hhszN_GYEl0Sg,sSRP6TGVVeA,UgzYHlGOr1BD8X9W8_p4AaABAg.9RzAdP6o2Iy9SASYyFdA2B,2021-09-12T00:58:50Z,Adolf Hitler,"@FelixAustria Ja stimmt! Also egal wenn es generell so ist! Oder glauben Sie ernsthaft, jemand glaubt Ihnen mit der Oppositionsrolle?"
UCAa7V7ZM0_hhszN_GYEl0Sg,sSRP6TGVVeA,UgzYHlGOr1BD8X9W8_p4AaABAg.9RzAdP6o2Iy9RzkX05or0x,2021-09-07T11:53:42Z,FelixAustria,@jeli927 Welche Politiker kennen sich denn zurzeit halbwegs gut aus und haben Lebenserfahrung?
UCAa7V7ZM0_hhszN_GYEl0Sg,sSRP6TGVVeA,UgzYHlGOr1BD8X9W8_p4AaABAg.9RzAdP6o2Iy9RzO9gl-zR8,2021-09-07T08:29:32Z,dis pool 1,Ich finde Fr. Lorenz Dittlbacher hat den BastiKanzler ordentlich Bruchlanden lassen ......
UCAa7V7ZM0_hhszN_GYEl0Sg,sSRP6TGVVeA,UgwwTVQS_Q3haUYgDOV4AaABAg,2021-09-07T06:07:15Z,chris,Ein notorischer L√ºgner dieser korrupte ungebildete Studienabbrecher. Eines ist sicher impfen lasse ich mich niee  mit den Klumpat umso mehr Zwang umso mehr Widerstand. Ich freue mich schon auf die n√§chste Wahl!
UCAa7V7ZM0_hhszN_GYEl0Sg,sSRP6TGVVeA,UgzXT-ivLmST2qBhFb14AaABAg.9Rz6_nwlxWe9TsAfweIGiA,2021-10-24T06:19:51Z,FelixAustria,"@el jamon loco k√∂nnte stimmen. wenn er verurteilt wird, na dann muss ich damit leben... aber vorher bleibe ich neutral, wie mein land und hetze nicht bl√∂de rum"
UCAa7V7ZM0_hhszN_GYEl0Sg,sSRP6TGVVeA,UgzXT-ivLmST2qBhFb14AaABAg.9Rz6_nwlxWe9TUpIze6REc,2021-10-14T19:22:34Z,el jamon loco,@FelixAustria     jetzt weisst du warum.
UCAa7V7ZM0_hhszN_GYEl0Sg,sSRP6TGVVeA,UgzXT-ivLmST2qBhFb14AaABAg.9Rz6_nwlxWe9RzfBHA0Kmq,2021-09-07T11:07:03Z,FelixAustria,@Hans Josef und Marco M Warum?
UCAa7V7ZM0_hhszN_GYEl0Sg,sSRP6TGVVeA,UgzXT-ivLmST2qBhFb14AaABAg.9Rz6_nwlxWe9RzTvKcs_ag,2021-09-07T09:19:52Z,Marco Canvas Privat,(x)
UCAa7V7ZM0_hhszN_GYEl0Sg,sSRP6TGVVeA,Ugx2ZH-vL3_DV8jkORB4AaABAg,2021-09-07T05:17:30Z,Engelbert Brenner,"Der TYP l√ºgt das sich die Balken biegen, wo sind die 100 000 tausend Toten,ich kann zu 100prozent sagen das ich vier Familien kenne, wo MENSCHEN LEIDER VERSTORBEN SIND NACH DIESER GIFTIMPFUNG, DIESE VERBRECHER"
UCAa7V7ZM0_hhszN_GYEl0Sg,sSRP6TGVVeA,UgxwsS5BTqYRHNO1l8F4AaABAg.9Rz151S3fb39Rz8hLyVEVg,2021-09-07T06:14:28Z,chris,Sie wissen aber schon wie man die Inzidenz ausrechnet oder? Dann w√ºrden sie wahrscheinlich das Gegenteil schreiben!
UCAa7V7ZM0_hhszN_GYEl0Sg,sSRP6TGVVeA,UgzGKioNT1BWgYxnBV54AaABAg.9Rz14sBmXDf9SASdlntpp7,2021-09-12T00:59:37Z,Adolf Hitler,@Atze Schr√∂der Na Zensur? HAHAHAHAHAH IDIOTEN DIE SOWAS GLAUBEN üòÖüòÖüòÖüòÖüòÖüòÖüòÖüòÖüòÖüòÖüòÖüòÖüòÖüòÖüòÖüòÖüòÖüòÖ
UCAa7V7ZM0_hhszN_GYEl0Sg,sSRP6TGVVeA,UgzGKioNT1BWgYxnBV54AaABAg.9Rz14sBmXDf9S4thpesqqk,2021-09-09T21:09:24Z,Atze Schr√∂der,@Tom Serious und du glaubst die Kommentare wurden von der √ñVP zensiert? üòÖ
UCAa7V7ZM0_hhszN_GYEl0Sg,sSRP6TGVVeA,UgzGKioNT1BWgYxnBV54AaABAg.9Rz14sBmXDf9S-4xQ9rvqV,2021-09-07T15:00:57Z,Tom Serious,@Atze Schr√∂der zwei meiner sachlichen Kommentare wurden vorher schon zensiert.... so viel dazu....
UCAa7V7ZM0_hhszN_GYEl0Sg,sSRP6TGVVeA,UgzGKioNT1BWgYxnBV54AaABAg.9Rz14sBmXDf9S-111cs1md,2021-09-07T14:26:37Z,Atze Schr√∂der,"Wie kann man sowas ernsthaft behaupten, wenn man gerade auf einem freien Medium seine Meinung kommuniziert üòÖ"
UCAa7V7ZM0_hhszN_GYEl0Sg,sSRP6TGVVeA,UgzGKioNT1BWgYxnBV54AaABAg.9Rz14sBmXDf9RzTgq4c4BT,2021-09-07T09:17:54Z,Mica Sache,Super gesagt. So lauft es mit OVP........
UCAa7V7ZM0_hhszN_GYEl0Sg,sSRP6TGVVeA,Ugw9TxSCzrBdeUrWu2N4AaABAg.9Rz0vCjGLPD9RzoOcOn5bZ,2021-09-07T12:27:31Z,Alruna Antigr√ºn,"Dittelbacher muss sich einschleimen, k√∂nnte n√§mlich gut sein, dass sie weg vom Fenster ist wenn der T√ºrkise Intendant den ORF √ºbernimmt!"
UCAa7V7ZM0_hhszN_GYEl0Sg,sSRP6TGVVeA,Ugw9TxSCzrBdeUrWu2N4AaABAg.9Rz0vCjGLPD9RzMUA4d0Yp,2021-09-07T08:14:52Z,Fritz Pospischil,"""la familia "" der t√ºrkise ORF wird 2022 wahrscheinlich noch intensiver.  .  . die wahrscheinlichkeitsrechner braucht man dazu nicht.  .  .üò†"
UCAa7V7ZM0_hhszN_GYEl0Sg,sSRP6TGVVeA,UgzXVGmUKt74kHfE-F94AaABAg.9Ryzzdq4ueA9Rz_-7l1R2Q,2021-09-07T10:12:57Z,Jack Bauer,"Das ist richtig, sie d√ºrfen sich selbst entscheiden, wann sie sich wo anstecken. Den Lockdown f√ºr ungeimpfte gibt es um diejenigen vor ihnen zu sch√ºtzen, die sich nicht impfen lassen k√∂nnen. Das sind derzeit Kinder unter 12 und Personen mit Gesundheitlicher Vorbelastung."
UCAa7V7ZM0_hhszN_GYEl0Sg,sSRP6TGVVeA,UgzMDOp278VeU62tRgF4AaABAg.9Ryyl8QDLlc9RzfcGZwXoj,2021-09-07T11:10:52Z,FelixAustria,"@narrischer narrischer das Faktum bzgl. des weniger schweren Verlaufs, stimmt! Nur das Ps. musste nicht sein. Speziell im √∂ffentlichen Raum sollte man gewisse Erg√ºsse doch bitte etwas z√ºgeln. Bsp: Wenn man in der U-Bahn sitzt und einem danach ist, dass er unbedingt schreien muss, muss man es ja nicht wirklich tun, oder?"
UCAa7V7ZM0_hhszN_GYEl0Sg,sSRP6TGVVeA,UgzMDOp278VeU62tRgF4AaABAg.9Ryyl8QDLlc9RzGTRoQMny,2021-09-07T07:22:20Z,narrischer narrischer,Aber viel weniger wahrscheinlich - wie die Fakten zeigen. Ps: ich kann Kurz auch nicht ausstehen
UCAa7V7ZM0_hhszN_GYEl0Sg,sSRP6TGVVeA,UgzFp8HtxmcKV4fFETt4AaABAg.9RyxLDtU1K09Rzfyuc5kr7,2021-09-07T11:13:57Z,FelixAustria,"Wenn man sich die letzten Jahre vor ihm ansieht, kann man schon sagen, dass er sich ziemlich bem√ºht und einer ist, der anpackt. Aber vielen passt das eben nicht, und daher wird, wie in √ñsterreich politisch √ºblich ist, alles getan, um diese Person zu entfernen. Typisch √ñsterreich, aber traurig."
UCAa7V7ZM0_hhszN_GYEl0Sg,sSRP6TGVVeA,UgzFp8HtxmcKV4fFETt4AaABAg.9RyxLDtU1K09RzVEMJXyQq,2021-09-07T09:31:21Z,Elisa H.,Sie Scherzkeksin!
UCAa7V7ZM0_hhszN_GYEl0Sg,sSRP6TGVVeA,UgzBV8sJonl20cI9S2N4AaABAg.9RywEh-cqA_9S0wh4hmSWx,2021-09-08T08:18:33Z,FelixAustria,"@Marco Canvas Privat wirkst mir aber sehr hungrig, vor allem nach Streit :)"
UCAa7V7ZM0_hhszN_GYEl0Sg,sSRP6TGVVeA,UgzBV8sJonl20cI9S2N4AaABAg.9RywEh-cqA_9S0wbrzvcz0,2021-09-08T08:17:50Z,FelixAustria,"@Klava Rosenquarz und genau da f√§ngt die Problematik. Man will keine √úberlastung in den Spit√§lern und sonst wo. Die egoistischen Ungeimpften belasten daher indirekt, ob sie es jetzt wissen oder nicht, unsere Land unn√∂tig und das will man verhindern. Mehr als logisch, aber niemand will es begreifen und daher auch Gratulation an alle, die da mitmachen und Widerstand leisten."
UCAa7V7ZM0_hhszN_GYEl0Sg,sSRP6TGVVeA,UgzBV8sJonl20cI9S2N4AaABAg.9RywEh-cqA_9RzU31os9EQ,2021-09-07T09:21:04Z,Marco Canvas Privat,ungeimpft (x). eine Bratwurst √§ndert das auch nicht :D
UCAa7V7ZM0_hhszN_GYEl0Sg,sSRP6TGVVeA,Ugwzh86HVoVMCNQlEgd4AaABAg.9RynlKk879x9Rz96ZbeTkx,2021-09-07T06:18:03Z,chris,"Er hat schon immer gelogen und die net so gscheiten Menschen get√§uscht wie sagte nochmal als Au√üenminister, Der Islam geh√∂rt zu √ñsterreich!"
UCAa7V7ZM0_hhszN_GYEl0Sg,sSRP6TGVVeA,UgwBhDrPoQvsuWI8Z114AaABAg.9RylIIHLBYN9fsYVY2y6UV,2022-09-12T12:36:08Z,Leo Mutombo,https://www.youtube.com/watch?v=pHjyK-g4VH0
UCAa7V7ZM0_hhszN_GYEl0Sg,sSRP6TGVVeA,UgwBhDrPoQvsuWI8Z114AaABAg.9RylIIHLBYN9S12SRREnIa,2021-09-08T09:17:35Z,4 4,@Jack Bauer Parteibuch?
UCAa7V7ZM0_hhszN_GYEl0Sg,sSRP6TGVVeA,UgwBhDrPoQvsuWI8Z114AaABAg.9RylIIHLBYN9Rzwvw8g3NE,2021-09-07T13:42:06Z,RZ-Web,"@Jack Bauer richtig, niemand steht √ºber dem gesetz, auch kein kurz, und dieser und seine schergen brechen gesetze am laufenden band, versto√üen und brechen vors√§tzlich die verfassung, spalten die gesellschaft.
schaffen einen polizeistaat und ein regierungssystem dem china sehr nahe steht
der VfGh hat schon mehr verordnungen dieser ""familie"" f√ºr nichtig erkl√§rt das hat noch keine regierung geschafft.

und wenn sie dass nicht sehen oder sehen wollen, ist das ihre entscheidung, aber es gibt leute die mit so einem system nichts am hut haben wollen und diese meinung muss man auch akzeptieren.

lg"
UCAa7V7ZM0_hhszN_GYEl0Sg,sSRP6TGVVeA,UgwBhDrPoQvsuWI8Z114AaABAg.9RylIIHLBYN9Rzh82rYyRX,2021-09-07T11:24:05Z,Daniel Dansch,"@Jack Bauer  schei√ü auf die Konsequenzen, ich koste mein Leben aus, Problem damit. Sie k√∂nnen sich ja einsperren lassen, bei mir im Kuh Stall w√§re noch a Parzelle frei"
UCAa7V7ZM0_hhszN_GYEl0Sg,sSRP6TGVVeA,UgwBhDrPoQvsuWI8Z114AaABAg.9RylIIHLBYN9RzaSR5QYyH,2021-09-07T10:25:42Z,Jack Bauer,Sie versto√üen damit gegen Gesetze. Niemand steht √ºber dem Gesetz. Dann m√ºssen sie wohl auch mit den m√∂glichen Konsequenzen leben.
UCAa7V7ZM0_hhszN_GYEl0Sg,sSRP6TGVVeA,UgyY_hoUCwPQAjIdt5Z4AaABAg.9Ryi28KpJU79Rz6zBTMfwp,2021-09-07T05:59:25Z,Thurgaudi,"Vielleicht hast Du Recht, doch das wird zum stillstand werden, die beiden Parteien blockieren sich ............Ich wohne in einem Staat mit Direkter Demokratie und das ist nicht Deutschland ......."
UCAa7V7ZM0_hhszN_GYEl0Sg,sSRP6TGVVeA,UgzaKGE2qTu0sCefKAh4AaABAg.9RyhT3M9n0Y9fsYs_BAhBs,2022-09-12T12:39:25Z,Leo Mutombo,https://www.youtube.com/watch?v=pHjyK-g4VH0
UCAa7V7ZM0_hhszN_GYEl0Sg,sSRP6TGVVeA,UgzaKGE2qTu0sCefKAh4AaABAg.9RyhT3M9n0Y9SZUsBx679c,2021-09-21T18:20:05Z,Elisa H.,"@101TheMatrix So ist es - und jetzt holt er sich in Amerika mit VdB die n√§chsten Befehle von Soros, Gates und dem Tiefen Staat ab. Er macht jetzt alles nur mehr pers√∂nlich, weil man ihn mit seinen SMS und Chats √ºberf√ºhrt hat.
Ich w√ºnsche ihm, dass er seine gerechte Strafe bekommt f√ºr den Verrat am Volk mit der Gen-Giftspritze."
UCAa7V7ZM0_hhszN_GYEl0Sg,sSRP6TGVVeA,UgzaKGE2qTu0sCefKAh4AaABAg.9RyhT3M9n0Y9SZ4ebnJUKP,2021-09-21T14:31:02Z,101TheMatrix,Herr Kurz hat seine Seele verkauft. Wurde ein Herzloser Mensch. Spaltet die Gesellschaft. Einfach nur ekelhaft was aus diesem Menschen geworden ist!!!!!!
UCAa7V7ZM0_hhszN_GYEl0Sg,sSRP6TGVVeA,UgzaKGE2qTu0sCefKAh4AaABAg.9RyhT3M9n0Y9S0ovqPY4Xa,2021-09-08T07:10:40Z,Amin Kaltschik,"Politiker und ehrlich mit dem Fakten. üòÖ üòÇ ü§£
Der war guat,....
AEe"
UCAa7V7ZM0_hhszN_GYEl0Sg,sSRP6TGVVeA,UgzaKGE2qTu0sCefKAh4AaABAg.9RyhT3M9n0Y9RzUj4Vbh_V,2021-09-07T09:26:56Z,Elisa H.,"Er spult nur herunter, was ihm seine Berater vorschreiben, die meinen zu wissen, was die Bev√∂lkerung gerne h√∂rt.
Auf sich allein gestellt stottert er hilflos herum und kann keinen Satz vollst√§ndig herausbringen (siehe Video vom U-Ausschuss). Eine hohle Nuss ohne Empathie f√ºr die Sorgen der B√ºrger."
UCAa7V7ZM0_hhszN_GYEl0Sg,sSRP6TGVVeA,UgyR47vf1aQh_X57DBt4AaABAg.9RyhMvegIi89S-B-sc7yxx,2021-09-07T15:53:51Z,FelixAustria,"@Elisa H. Bitte lesen Sie weniger Verschw√∂rungstheorien, was √ºberzeugt Sie so sehr, dass das keine Impfung ist?^^"
UCAa7V7ZM0_hhszN_GYEl0Sg,sSRP6TGVVeA,UgyR47vf1aQh_X57DBt4AaABAg.9RyhMvegIi89Rzrkcl7zVH,2021-09-07T12:56:52Z,Elisa H.,"@FelixAustria Wir haben - noch - die Freiheit zu entscheiden, ob wir uns die Gen-Spritze geben lassen, oder nicht.
Diejenigen, die sich unbedingt pieksen (Impfung ist das ja nicht) lassen wollten, haben es bereits getan, also ca. 60%. Die √ºbrigen 40% wollen das eben nicht, und das ist zu akzeptieren.
Mehr ist dazu nicht zu sagen."
UCAa7V7ZM0_hhszN_GYEl0Sg,sSRP6TGVVeA,UgyR47vf1aQh_X57DBt4AaABAg.9RyhMvegIi89Rzq51B3UEU,2021-09-07T12:42:19Z,FelixAustria,"@Elisa H. Und warum haben dann so viele Angst davor oder wehren sich, wenn man ihnen ratet, sie m√∂gen sich bitte impfen lassen?
Und bitte nicht mit Impfzwang und Eingriff in die Privatsph√§re antworten, denn wir befinden uns seit 2020 weltweit in einem Ausnahmezustand, und da ist es wohl wirklich nicht zu viel verlangt, wenn jeder einzelne ein bisschen Verantwortung √ºbernimmt..."
UCAa7V7ZM0_hhszN_GYEl0Sg,sSRP6TGVVeA,UgyR47vf1aQh_X57DBt4AaABAg.9RyhMvegIi89RzpJ99gbY1,2021-09-07T12:35:30Z,Elisa H.,"@FelixAustria Ja, die Impfung wirkt - todsicher...."
UCAa7V7ZM0_hhszN_GYEl0Sg,sSRP6TGVVeA,UgyR47vf1aQh_X57DBt4AaABAg.9RyhMvegIi89RzhaIX-SA5,2021-09-07T11:28:04Z,FelixAustria,Tut sie ja auch oder irrt sich deiner Meinung nach die Wissenschaft UND die Zahlen?^^
UCAa7V7ZM0_hhszN_GYEl0Sg,sSRP6TGVVeA,Ugwa5UI5Yt-Yjbn7ZAx4AaABAg,2021-09-07T01:47:01Z,Cornelius Wirth,"Ist es Ihnen √ºbel? Dann nehmen Sie Zum Kotzen, einfach nur zum Kotzen."
UCAa7V7ZM0_hhszN_GYEl0Sg,sSRP6TGVVeA,Ugzv9wxKGVwK3oQY5zV4AaABAg,2021-09-07T00:12:44Z,Elisa H.,"Der L√ºgenbaron mit einer grinsenden Dittlbacher. Der Kanzler-Darsteller in voller Aktion. Leider kann ich ihn mir nicht anschauen, weil mir die Zeit zu schade ist, seine vorgefertigten und unehrlichen Aussagen anzuh√∂ren.
Wenn er f√ºr das Land Gutes tun will, sollte er m√∂glichst bald abtreten mitsamt seinen Regierungsschergen."
UCAa7V7ZM0_hhszN_GYEl0Sg,sSRP6TGVVeA,UgxiW_pnB72BQLfUxCZ4AaABAg,2021-09-07T00:06:01Z,iS-mail,"Hr. Bundeskanzler,Unternehmen sie was Mit Russland und T√ºrkei,Glauben sie mir da werden sie   
Sehr st√§rker Politiker,ich will auch das sie st√§rker Politiker werden!
So jung und Clever so was braucht das Weld!"
UCAa7V7ZM0_hhszN_GYEl0Sg,sSRP6TGVVeA,Ugw4NGQn-ZNItnzQEzd4AaABAg.9RyLe6T6B9_9UHjHBSDSy3,2021-11-03T13:51:10Z,Mango Jerry,"@FelixAustria Wei√üt Du, was diese nur bedingt zugelassene C-Behandlung ist? Bist Du jemals klassisch geimpft worden?"
UCAa7V7ZM0_hhszN_GYEl0Sg,sSRP6TGVVeA,Ugw4NGQn-ZNItnzQEzd4AaABAg.9RyLe6T6B9_9S1yUtaNOVB,2021-09-08T17:53:28Z,FelixAustria,"@Vlad ok, danke f√ºr die info. werd ich mir mal ansehen!"
UCAa7V7ZM0_hhszN_GYEl0Sg,sSRP6TGVVeA,Ugw4NGQn-ZNItnzQEzd4AaABAg.9RyLe6T6B9_9S1s8vv5vrW,2021-09-08T16:58:02Z,Vlad,"@FelixAustria Es geht einfach darum ein breites Spektrum abzudecken, mehr Infos zu bekommen als man in den Hauptmedien bekommt. √Ñrzte, Anw√§lte, Virologen etc. mal anh√∂ren, die im Mainstream nicht zu Wort kommen. Das Weltgeschehen zu verfolgen, dann kann man auch 1+1 zusammenz√§hlen.
Wenn du explizit nach Quellen fragst, es gibt genug ""alternative"" Quellen:
ZackZack, GunnarKaiser, Neue Normalit√§t, Feuchte Gehirne, Wochenblick, Clemens Arvay und etliche mehr"
UCAa7V7ZM0_hhszN_GYEl0Sg,sSRP6TGVVeA,Ugw4NGQn-ZNItnzQEzd4AaABAg.9RyLe6T6B9_9S1oHwmblSV,2021-09-08T16:24:19Z,FelixAustria,"ORF und Krone wird unter anderem auch konsumiert, das stimmt. Welches Format sollte ich denn deiner Meinung noch konsumieren? Bin stets offen daf√ºr. Aber mir ist aufgefallen, immer wenn ich danach frage, gibt's nie Hilfestellung diesbez√ºglich. Sind die nur f√ºr Insider oder was ist da los?"
UCAa7V7ZM0_hhszN_GYEl0Sg,sSRP6TGVVeA,Ugw4NGQn-ZNItnzQEzd4AaABAg.9RyLe6T6B9_9S1IsN93A0c,2021-09-08T11:41:04Z,Vlad,"@FelixAustria Entweder naiv oder dumm, oder vllt ein Vertrauter- dann eher b√∂sartig. Bei deiner Argumentation hat man das Gef√ºhl, dass nur ORF und Krone konsumiert werden, es darf nicht stimmen, was nicht ins Narrativ unserer verbrecherischen Regierung passt."
UCAa7V7ZM0_hhszN_GYEl0Sg,sSRP6TGVVeA,UgyS19pCaHzgX1bOWth4AaABAg.9RyKtLadI7o9fsY_HZyMn6,2022-09-12T12:36:47Z,Leo Mutombo,https://www.youtube.com/watch?v=pHjyK-g4VH0
UCAa7V7ZM0_hhszN_GYEl0Sg,sSRP6TGVVeA,UgyS19pCaHzgX1bOWth4AaABAg.9RyKtLadI7o9TD-b17gl52,2021-10-07T21:14:58Z,C,beste
UCAa7V7ZM0_hhszN_GYEl0Sg,sSRP6TGVVeA,UgyS19pCaHzgX1bOWth4AaABAg.9RyKtLadI7o9SBxO4An0j8,2021-09-12T14:56:12Z,Bernd King,Das war √ºberhaupt der gr√∂√üte Br√ºller  =D
UCAa7V7ZM0_hhszN_GYEl0Sg,sSRP6TGVVeA,UgyS19pCaHzgX1bOWth4AaABAg.9RyKtLadI7o9RzU8s3HZqY,2021-09-07T09:21:52Z,Elisa H.,"Vielleicht h√§tte er auch einmal arbeiten sollen in einem Privatbetrieb? 
So, wie fast alle seine Untertanen t√§glich f√ºr das Steuergeld hackeln m√ºssen, das er dann so leichtfertig hinauswirft."
UCAa7V7ZM0_hhszN_GYEl0Sg,sSRP6TGVVeA,UgwqRMblu4luZVMVSHx4AaABAg.9RyJXrZkYfX9SBxS7ctOyF,2021-09-12T14:56:46Z,Bernd King,Indirekt is in dem Zusammenhang sogar nur per forma  xD
UCAa7V7ZM0_hhszN_GYEl0Sg,sSRP6TGVVeA,UgwqRMblu4luZVMVSHx4AaABAg.9RyJXrZkYfX9Rzph1cNVxi,2021-09-07T12:38:54Z,FelixAustria,@dis pool 1 Ich wollte nur darauf hinweisen. Bitte genau lesen!
UCAa7V7ZM0_hhszN_GYEl0Sg,sSRP6TGVVeA,UgwqRMblu4luZVMVSHx4AaABAg.9RyJXrZkYfX9RzkVTJgmMc,2021-09-07T11:53:30Z,dis pool 1,@FelixAustriawas genau berechtigt dich Gegenthesen zu erlauben bzw. zu verbieten? ü§î
UCAa7V7ZM0_hhszN_GYEl0Sg,sSRP6TGVVeA,UgwqRMblu4luZVMVSHx4AaABAg.9RyJXrZkYfX9Rzh2dMRwEX,2021-09-07T11:23:21Z,FelixAustria,Musst du auch nicht und du musst auch nicht deswegen einen Kommentar verfassen :) lg
UCAa7V7ZM0_hhszN_GYEl0Sg,sSRP6TGVVeA,UgwqRMblu4luZVMVSHx4AaABAg.9RyJXrZkYfX9RzTn_B2rAA,2021-09-07T09:18:49Z,dis pool 1,"Wenn man es so versteht..... 
ich finde er ist sich selbst die beste Antiwerbung u. f√ºr mein Verst√§ndnis politisch ordentlich ""aufgeklatscht""., dank Fr. Lorenz Dittlbacher."
UCAa7V7ZM0_hhszN_GYEl0Sg,sSRP6TGVVeA,UgycOaWRg5Uo-B0edR94AaABAg.9RyID1rWdrE9S2GmbJ6ft9,2021-09-08T20:42:03Z,kik 3000,"@FelixAustria

Das ist nur dein Gef√ºhl und nicht meine Absicht..!"
UCAa7V7ZM0_hhszN_GYEl0Sg,sSRP6TGVVeA,UgycOaWRg5Uo-B0edR94AaABAg.9RyID1rWdrE9S2G45NXmIa,2021-09-08T20:35:50Z,FelixAustria,"@kik 3000 mir scheint eher, dass du gerne leute verarscht, so kommts mir :)"
UCAa7V7ZM0_hhszN_GYEl0Sg,sSRP6TGVVeA,UgycOaWRg5Uo-B0edR94AaABAg.9RyID1rWdrE9S2FcUDt4pu,2021-09-08T20:31:56Z,kik 3000,"@FelixAustria

Ich bin immer und zu jedem hilfsbereit. Nur gewisse Menschen checken es nicht und missverstehen meine Hilfsbereitschaft..! ü§î"
UCAa7V7ZM0_hhszN_GYEl0Sg,sSRP6TGVVeA,UgycOaWRg5Uo-B0edR94AaABAg.9RyID1rWdrE9S1E5M9GB5N,2021-09-08T10:59:17Z,FelixAustria,"@kik 3000 Und genau da solltest DU mir Hilfe anbieten.  Stattdessen fehlt dir das n√∂tige Wissen oder die F√§higkeit oder sogar der Wille dies zu tun, weil du mich innerlich einfach hasst. Toller B√ºrger bist du! :)
Du musst auch als Arbeitskollege ja ein ganz hilfsbereiter Typ sein!"
UCAa7V7ZM0_hhszN_GYEl0Sg,sSRP6TGVVeA,UgycOaWRg5Uo-B0edR94AaABAg.9RyID1rWdrE9S14t6YXj_t,2021-09-08T09:38:50Z,kik 3000,"@FelixAustria

Du bist auf dem Weg der Besserung, du siehst es ein dass du mir nicht folgen kannst..! ü§î ü§ó"
UCAa7V7ZM0_hhszN_GYEl0Sg,sSRP6TGVVeA,UgxoTHDk5MB2-nvurdx4AaABAg.9RyH7rd30e39SB8V8WxczD,2021-09-12T07:22:47Z,Leon Kluge,@Marco Canvas Privat Lieber dumm als ungeimpft ;)
UCAa7V7ZM0_hhszN_GYEl0Sg,sSRP6TGVVeA,UgxoTHDk5MB2-nvurdx4AaABAg.9RyH7rd30e39RzgAEfC7iv,2021-09-07T11:15:38Z,FelixAustria,"@Marco Canvas Privat Was gibt dir eigentlich das Recht √ºber andere zu urteilen? Aber bitte, erleuchte uns ,,dumme B√ºrger"", was verstehen wir denn nicht, was du verstehst? :)"
UCAa7V7ZM0_hhszN_GYEl0Sg,sSRP6TGVVeA,UgxoTHDk5MB2-nvurdx4AaABAg.9RyH7rd30e39RzTthi7ODo,2021-09-07T09:19:39Z,Marco Canvas Privat,Du bist wirklich ein dummer B√ºrger :D
UCAa7V7ZM0_hhszN_GYEl0Sg,sSRP6TGVVeA,UgxgzzMPfHEbMjApAQ14AaABAg.9RyEKBTGaW59RzgM3U0jQE,2021-09-07T11:17:15Z,FelixAustria,"Darum kommt er unter anderem auch gut bei den Leuten an, weil er kein 0815-Politiker ist, nur dieses Verhalten/Auftreten passt vielen nicht, weil er, wie es scheint, fast zu gut ist :)"
UCAa7V7ZM0_hhszN_GYEl0Sg,sSRP6TGVVeA,UgxgzzMPfHEbMjApAQ14AaABAg.9RyEKBTGaW59RyyyXFXUHW,2021-09-07T04:40:41Z,Anna Maurata,√Ñhm na ja das sollte er doch auch wenn zum Gespr√§ch eingeladen wird...sehr da jetzt keine WOW Effekt.
UCAa7V7ZM0_hhszN_GYEl0Sg,sSRP6TGVVeA,Ugx1eVMgXO8EJHfAk6V4AaABAg.9RyADyaTTh19fsYeNvMJ59,2022-09-12T12:37:29Z,Leo Mutombo,https://www.youtube.com/watch?v=pHjyK-g4VH0
UCAa7V7ZM0_hhszN_GYEl0Sg,sSRP6TGVVeA,Ugx1eVMgXO8EJHfAk6V4AaABAg.9RyADyaTTh19Rzl7_mPhVb,2021-09-07T11:58:58Z,Gunny Austria,Are you cracking
