videoId,textOriginal,authorDisplayName,publishedAt,commentId
b9rbPEJ1kg8,ü§ù‚ù§Ô∏è,Linda Lustig,2021-11-21T16:30:13Z,Ugx-NfFMCbcZW2D9aFJ4AaABAg
b9rbPEJ1kg8,"Neben bei das du ein trottel bist auch noch ein Video mit 360p hochladen also das is schon ewig nicht mehr zeit gem√§√ü durch die ganze Kuroption k√∂nntest du dir doch locka ne gute cam kaufen oder 

Das das auch mal gesagt ist hahaha",NoahGaderer,2021-04-07T16:54:00Z,UgwUhkzbenr-AH0GZKl4AaABAg
b9rbPEJ1kg8,"Ja die Regierung ist r√ºcktrittsreif ! auch durch ihren vopar stehe ich hinter der FP√ñ! Fehler passieren halt, dieser wurde √∂ffentlich gemacht .. Viele andere noch nicht..",Heisen Berg,2021-01-13T23:56:50Z,Ugw0Yuu33Jp6g_TaE8Z4AaABAg
b9rbPEJ1kg8,irgendwie wie ein Fernsehpfarrer...samtige Stimme....gekonnte Pausen....br√ºll,traumdancer9,2021-01-06T23:26:19Z,Ugwhj756Y5WEbfjEk_t4AaABAg
b9rbPEJ1kg8,HC,x baumi,2020-12-30T15:52:06Z,UgyqyJTPdqWImqReR094AaABAg
b9rbPEJ1kg8,Sie Herr Strache waren super in der Regierung,Frau Sandmann,2020-12-26T20:39:52Z,Ugyv0B_5c01xKKWDVEJ4AaABAg
b9rbPEJ1kg8,"liebe herr strache! waeren sie damals nicht einfach so davongelaufen wie ein wenig wind in ihr gesicht blies, waeren wir heute nicht in dieser situation",armin klein,2020-12-26T06:44:25Z,UgxjY8gR0Kr9lQWlmER4AaABAg
b9rbPEJ1kg8,"Danke Herr Strache, 
alles Lug und Trug. 
Auch Sie sind auf diesen Blender hereingefallen. War sicher sehr schlecht was da passiert ist.Ich hoffe nur ,da√ü Sie zur√ºchkommen und mit Herrn Kickl, Frau Belakowitsch endlich diesen Wahnsinn beenden. 
Diese Satansbrut geh√∂rt entfernt und √ñsterreich wieder in eine Stabilit√§t gef√ºhrt. 
Was diese Vaterlandsverr√§ter in so kurzer Zeit angerichtet haben wird viele Jahre dauern wieder halbwegs gutzumachen.
Ich glaube an unser √ñsterreich, darum hat 1945 Leopold Figl gebeten und den √ñsterreichen Mut gemacht, nach dieser so schrecklichen Zeit!",Gabriele Eder,2020-12-22T22:51:25Z,Ugw8eSZsJqIcpyqxybh4AaABAg
b9rbPEJ1kg8,Strache h√§tte kurz im Parlament eindeutig erledigt.. mit kickl und Strache gegen kurz... ja liebe Freunde... der kurz w√ºrde sich selber abw√§hlen gehen. Thc und kickl üëûüëû,Nemos playground,2020-12-22T10:05:16Z,Ugw30AAteeYGLaiY7t54AaABAg
b9rbPEJ1kg8,Diese Regierung  geh√∂rt sofort zum R√ºcktritt gezwungen...ist ein Desaster...eine k√ºnstliche Jahrhundert Trag√∂die....schwarz gr√ºn....Hilfe ....denkt an eure Zukunft  und an eure Kinder ..,Aaron Schachner,2020-12-22T08:21:51Z,UgxDhbUURBTlPb2L0ud4AaABAg
b9rbPEJ1kg8,"""Tja, HC-w√§rst du Damals nicht drauf rein gefallen...G√§be es heute nicht diese Situation !""",Donald Frankos,2020-12-21T23:49:54Z,Ugy_KIWMymkXeteDAFd4AaABAg
b9rbPEJ1kg8,Ja,Sebastian Klingberg,2020-12-21T20:35:28Z,UgySv2caiLgFFr3Yt8R4AaABAg
b9rbPEJ1kg8,Wir leben in der Endzeit.,Antonia tonka,2020-12-21T08:07:57Z,Ugw9oaDPPqbiKpIbn9d4AaABAg
b9rbPEJ1kg8,"der inhalt  im kopfe der regierung,verlogenheit darf man von FP√ñ  nicht stoppen lassen,so falsch regiert unsere t√ºrkisgr√ºne Regierung",MsDurli,2020-12-21T08:02:10Z,Ugxq2pKUlefrO4pg1Xl4AaABAg
b9rbPEJ1kg8,Und so einen Mann schickt die FP√ñ einfach in die W√ºste!!! Hofer und Co sind unw√§hlbare Verr√§ter.  Ich will Strache als Bundeskanzler.,Peter Onedin,2020-12-21T02:04:38Z,UgySXUlfx_lAVy8XGc94AaABAg
b9rbPEJ1kg8,Freiheit f√ºr alle,Renate Wagner,2020-12-20T22:52:28Z,UgxLcH50KqUq6N5BYsp4AaABAg
b9rbPEJ1kg8,"Bei einer echten, umfassend gef√§hrlichen und √ºberwiegend t√∂dlichen Infektions-Krankheit w√§re eine Pandemie das Todesurteil f√ºr den Gro√üteils der Bev√∂lkerung, wenn diese Regierung an der Macht w√§re. 
Danke auch an HC Strache f√ºr das, nunmehr unter Diffamierungssanktion stehende, verbotene Aussprechen der Erkenntnisse.",A Z,2020-12-20T22:51:02Z,UgzBG54Sv5o9M-THDK54AaABAg
b9rbPEJ1kg8,H.C. Sie Vollkoffer Dank Ihrer grenzenlosen Dummheit und unkontrollierbarer Macht - und Geldgier ist es dem Kurzwastl erst m√∂glich das √∂sterreichische Volk so zu unterdr√ºcken. An Ihrer Stelle w√ºrde ich das Maul halten  und am besten nach Ibiza auswandern!,Guenter Heis,2020-12-20T19:04:21Z,UgwrNtjaEVMUp8hZ-Ql4AaABAg
b9rbPEJ1kg8,Und das ist auch gut so....Spesen wo bleibt die Aufkl√§rung???,h,2020-12-26T18:42:21Z,UgzrXzwi_RKaUzt31SV4AaABAg.9HVQP_q4SyK9Hjs_u75d_Z
b9rbPEJ1kg8,wie hat sein pimmel geschmeckt?,Motoko Kusanagi,2022-10-08T21:56:26Z,UgwVr2HnZ594MLOrQ2B4AaABAg.9HVMEkpjqwC9gwVI0NaASm
b9rbPEJ1kg8,Machen sie weiter so,Bene Skill,2020-12-20T16:04:02Z,UgwtEU6fttkT94QLV7F4AaABAg
b9rbPEJ1kg8,"https://www.youtube.com/playlist?list=PLiCrjpyDSK_47ZAD6LDdnkDrLJgzCoDoD
#TheGreatReset",Zeitzeuge At,2020-12-20T15:00:38Z,UgwSJKcpCAvMyP2EisJ4AaABAg
b9rbPEJ1kg8,"Lieber HC Strache, ich w√ºnsche Dir und Deiner Familie ein sch√∂nes und gesundes Weihnachtsfest und ein erfolgreiches 2021. √ñsterreich und Deutschland sind schon jetzt verloren.",Reinhold Battermann,2020-12-20T14:17:38Z,Ugw0keFf3v4_5H4tr914AaABAg
b9rbPEJ1kg8,"Hallo, JA, stimmt. üòâüòâüòâüòâüòäüá¶üáπüá¶üáπüá¶üáπüá¶üáπ",Christian Grubner,2020-12-20T11:49:17Z,UgxGLhpVGa7plDgI_QZ4AaABAg
b9rbPEJ1kg8,"WEF ( World Economy Forum the Great Reset) 
er hei√üt Klaus Schwab nicht Karl Schwab,ansonsten ein guter Beitrag üëç",Marion l√∂ffler,2020-12-20T11:43:50Z,UgzYfUJ1ITAPMVDNukd4AaABAg
b9rbPEJ1kg8,"https://youtu.be/RCw9mmjzVMY
So werden wir verarscht",Stephan Miller,2020-12-19T23:33:07Z,UgyOrMZR09fMpG3yfhl4AaABAg
b9rbPEJ1kg8,https://connectiv.events/rfk-jr-warnte-die-fda-vor-drei-monaten-vor-einem-inhaltsstoff-im-pfizer-covid-impfstoff-der-wahrscheinlich-eine-lebensbedrohliche-reaktion-bei-zwei-britischen-mitarbeitern-im-gesundheitswesen-verur/,Stephan Miller,2020-12-19T23:31:43Z,Ugz9i7rB1OdGhdqjirp4AaABAg
b9rbPEJ1kg8,"Was ich absolut nicht nachvollziehen kann, ist eine Massentestung nach einem Lockdown. Wenn wir einen harten Lockdown vom 26.12.20 bis 18.1.21 haben und jeder die ganze Zeit so gut wie nur daheim sitzt,wo soll ich mich angesteckt haben? Und wann vor dem Jahr 2020 hat man Menschen einfach so getestet welche keine Symptome hatten? Und warum wird hier immer nur von einer Impfung als Allheilmittel gesprochen? Die Mediziner haben inzwischen schon Erfahrung gesammelt und viele Menschen sind wieder gesund geworden mit Corona und haben kein Krankenhausbett oder Intensivbett gebraucht. Meine Schwiegereltern 78 und 81,beide Risikopatienten hatten beide Corona. Die Geschichte war mit Paracetamol nach nicht mal 2 Wochen erledigt und sie leben noch. Meine Cousine und ihr Mann, hatten beide Corona, haben es hinter sich und es geht ihnen gut. Warum spricht man nicht √ºber die Therapie wenn man erkrankt ist? Bei einer viralen Erkrankung hie√ü es immer, man kann nur die Symptome behandeln, den Rest macht der K√∂rper selber. Warum soll dies bei Corona anders sein? Leider gibt es immer Menschen welche an einer viralen Erkrankung auch gestorben sind,dies war vor dem Jahr 2020 auch so. Da hat es niemanden gejuckt und jetzt soll man an Corona nicht sterben d√ºrfen? Ich w√ºnsche niemanden zu sterben aber es ist nun einmal eine unromantische Realit√§t dass wir alle einmal sterben werden, wenn wir auf dieser Erde gelandet sind. Das ist nun einmal fix. Ich denke wir werden mit dem Virus leben m√ºssen. So wie wir bisher immer mit Erkrankungen leben mussten. Ich habe so gro√üe Angst vor einer Impfung weil ich vor 10 Jahren eine Grippeimpfung bekam nach welcher es mir so schlecht ging,ich w√§re beinahe gestorben. Ich hatte eine doppelseitige Lungenentz√ºndung und hab gesp√ºrt wie mich die Kr√§fte verlassen. Wenn ich meinem Mann nicht gesagt h√§tte:""Bitte ruf die Rettung."" Ich glaub ich w√§re damals eingeschlafen und nicht mehr aufgewacht. Die √Ñrzte haben mich wieder fit bekommen. Ich war 32 Jahre alt und immer joggen und sportlich, danach konnte ich lange nicht mehr laufen. Ich hatte davor nie eine Grippe und danach auch nicht. Ich habe damals in einer Apotheke gearbeitet und wir bekamen die Impfungen von der Chefin angeboten. Ich habe meine Tochter alles impfen lassen und habe diese auch verkauft. Aber nach diesem Erlebnis habe ich gro√üe Angst vor einer Impfung bekommen. Das Thema mit der Impfung ist ein ganz pers√∂nliches und das muss wirklich jedem selbst √ºberlassen werden ob er es macht oder nicht. Und zwar im Zuge einer gr√ºndlichen Aufkl√§rung soll es jedem selber frei stehen. Aufkl√§rung bedeutet f√ºr mich das hier ganz klar kommuniziert wird das der neue Impfstoff eine ""Notzulassung"" ist welcher nun an Risikopatienten als erstes angewendet werden soll und nach einer gewissen Zeit,wenn man dann sieht wie es den Menschen geht,m√∂chte man die entg√ºltige Zulassung einreichen. Diese Tatsache sagt mir das es an den Menschen nun direkt getestet wird. Damit geht's mir echt nicht gut. Dann gibt es noch einen sehr negativen Zusatzpunkt welcher mir das ganze noch bedenklicher macht. Und zwar soweit ich es mitbekommen habe,ist der Impfstoffhersteller aus der Haftung bei Nebenwirkungen ausgenommen. Wenn dieser Impfstoff so toll und unbedenklich ist,wie behauptet wird, warum haftet der Hersteller nicht daf√ºr? Aber ehrlich gesagt w√§re mir das ganze auch mit einer vorhandenen Haftung alles nicht recht. Weil wenn ich mich auf das Risiko hier einlasse auch Sch√§den in Kauf zu nehmen, muss man mit diesen dann auch Leben. Und ich weis was es bedeutet einen Menschen leiden zu sehen, tagt√§glich, jeden Tag aufs neue. Darauf hab ich f√ºr kein Geld der Welt Lust mich einzulassen. Weil das Leid ertragen, muss man dann selber,das macht dann nicht einer unserer Entscheidungstr√§ger des Landes f√ºr mich. Und davor hab ich Angst. Klar es muss nicht sein das es eine Nebenwirkung gibt aber es kann sein. Und das muss jeder f√ºr sich selber entscheiden. Das ist f√ºr mich eine Demokratie. Und wenn das jemand nicht m√∂chte dann darf es nicht sein, dass wir in √ñsterreich diese Menschen ausgrenzen. M√∂ge uns Gott gn√§dig sein und beistehen dass wir bald  wieder zu einem normalen Leben zur√ºckkehren!",Nikol Thaler,2020-12-19T22:17:48Z,Ugy-ZO_M9Ny2Ou2fa2l4AaABAg
b9rbPEJ1kg8,nicht nur PharmaKonzerne sondern auch Rettungsorganisation,Christoph St√∂bich,2020-12-19T21:26:31Z,UgxMyN0b_HPvQWDhed14AaABAg
b9rbPEJ1kg8,Wahre Worte! Weiter f√ºr Freiheit aufstehen ist ein muss!!!,Herb Kraemer,2020-12-19T20:40:17Z,Ugx5dL2Ml3wFN3rVJJd4AaABAg
b9rbPEJ1kg8,Das Grundeinkommen f√ºr alle h√∂rt sich ja im ersten Moment gut an aber ich glaube nicht das das die Chinesen f√ºr uns Zahlen werden ganz im gegenteil wir m√ºssten unsere Produkte f√ºrs T√§gliche leben und hi tech zumindest in der EU herstellen besser noch in √ñsterreich anstatt alles in China zu investieren und auszulagern nur weil die im MOMEMT billiger erzeugen. Erst wenn das und noch viel mehr gegeben ist dan kann man ernsthaft von einem bedingungslosen Grundeinkommen f√ºr alle √ñsterreicher tr√§umen. Ich denke auch das eiine erh√∂hte inflationsgefahr besteht und habe zur sicherheit in stabile Werte wie Gold investiert. Traurig wie die Regierung mit dem Corona umgeht einziger trost ist es das die Bev√∂lkerung sich blenden hat lassen und das letztendlich mit ihrer wahlentscheidung so wollte...,CHEFOBERBOSS Snagard,2020-12-19T20:35:25Z,UgxHWq4NGIE9pY3TnYJ4AaABAg
b9rbPEJ1kg8,"Unser HC ist ein echter Wahnsinn!!!!!
Danke f√ºr die Wahrheit",Steve Roger,2020-12-19T19:54:32Z,UgxecWUvM4ZRy5eBG_Z4AaABAg
b9rbPEJ1kg8,Unser HC !!!,Steve Roger,2020-12-19T19:51:07Z,UgzsdXHlHNc5Z1pdllF4AaABAg
b9rbPEJ1kg8,"Gott sch√ºtze Dich, HC! Gru√ü aus Berlin.",der Verwalter,2020-12-19T19:34:58Z,UgzJMEFjUtZ3LQlnIIB4AaABAg
b9rbPEJ1kg8,in ihrer Regierung h√§tte es so etwas nicht gegeben...geben sie nicht auf....,J. P.,2020-12-19T19:15:46Z,UgwGb4AYVhjAXM-rAlp4AaABAg
b9rbPEJ1kg8,BUNDESPR√ÑSIDENT üß£üï∂,Nemos playground,2020-12-22T10:06:18Z,Ugw76d4WPAueksMmZgh4AaABAg.9HSt1DOxcU89HZeLk6ufzg
b9rbPEJ1kg8,Wahre worteüëç,L,2020-12-19T18:53:37Z,UgzXqtBvSMQMC7Ng6iB4AaABAg
